<application>
  <component name="com.intellij.ide.ui.customization.CustomActionsSchema">
    <group value="Images.ConvertSvgToPng" is_action="true" action_type="-1" position="39">
      <path value="root" />
      <path value="Project View Popup Menu" />
      <option name="myInitialPosition" value="-1" />
    </group>
    <group value="Images.EditExternally" is_action="true" action_type="-1" position="38">
      <path value="root" />
      <path value="Project View Popup Menu" />
      <option name="myInitialPosition" value="-1" />
    </group>
    <group value="Github.Create.Gist" is_action="true" action_type="-1" position="37">
      <path value="root" />
      <path value="Project View Popup Menu" />
      <option name="myInitialPosition" value="-1" />
    </group>
    <group value="JupyterShutdownNotebookAction" is_action="true" action_type="-1" position="36">
      <path value="root" />
      <path value="Project View Popup Menu" />
      <option name="myInitialPosition" value="-1" />
    </group>
    <group value="Images.SetBackgroundImage" is_action="true" action_type="-1" position="35">
      <path value="root" />
      <path value="Project View Popup Menu" />
      <option name="myInitialPosition" value="-1" />
    </group>
    <group value="XmlGenerateToolsGroup" is_group="true" action_type="-1" position="34">
      <path value="root" />
      <path value="Project View Popup Menu" />
      <option name="myInitialPosition" value="-1" />
    </group>
    <group seperator="true" action_type="-1" position="32">
      <path value="root" />
      <path value="Project View Popup Menu" />
      <option name="myInitialPosition" value="-1" />
    </group>
    <group value="ExternalToolsGroup" is_group="true" action_type="-1" position="31">
      <path value="root" />
      <path value="Project View Popup Menu" />
      <option name="myInitialPosition" value="-1" />
    </group>
    <group seperator="true" action_type="-1" position="30">
      <path value="root" />
      <path value="Project View Popup Menu" />
      <option name="myInitialPosition" value="-1" />
    </group>
    <group value="CompareFileWithEditor" is_action="true" action_type="-1" position="29">
      <path value="root" />
      <path value="Project View Popup Menu" />
      <option name="myInitialPosition" value="-1" />
    </group>
    <group value="CompareTwoFiles" is_action="true" action_type="-1" position="28">
      <path value="root" />
      <path value="Project View Popup Menu" />
      <option name="myInitialPosition" value="-1" />
    </group>
    <group seperator="true" action_type="-1" position="27">
      <path value="root" />
      <path value="Project View Popup Menu" />
      <option name="myInitialPosition" value="-1" />
    </group>
    <group value="GoToLinkTarget" is_action="true" action_type="-1" position="26">
      <path value="root" />
      <path value="Project View Popup Menu" />
      <option name="myInitialPosition" value="-1" />
    </group>
    <group value="PublishGroupPopupMenu" is_group="true" action_type="-1" position="25">
      <path value="root" />
      <path value="Editor Tab Popup Menu" />
      <option name="myInitialPosition" value="-1" />
    </group>
    <group seperator="true" action_type="-1" position="25">
      <path value="root" />
      <path value="Project View Popup Menu" />
      <option name="myInitialPosition" value="-1" />
    </group>
    <group seperator="true" action_type="-1" position="24">
      <path value="root" />
      <path value="Main Menu" />
      <path value="Code" />
      <option name="myInitialPosition" value="-1" />
    </group>
    <group value="EditorTabPopupMenuEx" is_group="true" action_type="-1" position="24">
      <path value="root" />
      <path value="Editor Tab Popup Menu" />
      <option name="myInitialPosition" value="-1" />
    </group>
    <group value="SynchronizeCurrentFile" is_action="true" action_type="-1" position="24">
      <path value="root" />
      <path value="Project View Popup Menu" />
      <option name="myInitialPosition" value="-1" />
    </group>
    <group value="MoveLineUp" is_action="true" action_type="-1" position="23">
      <path value="root" />
      <path value="Main Menu" />
      <path value="Code" />
      <option name="myInitialPosition" value="-1" />
    </group>
    <group value="ReopenClosedTab" is_action="true" action_type="-1" position="23">
      <path value="root" />
      <path value="Editor Tab Popup Menu" />
      <option name="myInitialPosition" value="-1" />
    </group>
    <group value="CacheRecovery" is_group="true" action_type="-1" position="23">
      <path value="root" />
      <path value="Project View Popup Menu" />
      <option name="myInitialPosition" value="-1" />
    </group>
    <group value="MoveLineDown" is_action="true" action_type="-1" position="22">
      <path value="root" />
      <path value="Main Menu" />
      <path value="Code" />
      <option name="myInitialPosition" value="-1" />
    </group>
    <group seperator="true" action_type="-1" position="22">
      <path value="root" />
      <path value="Editor Tab Popup Menu" />
      <option name="myInitialPosition" value="-1" />
    </group>
    <group value="VersionControlsGroup" is_group="true" action_type="-1" position="22">
      <path value="root" />
      <path value="Project View Popup Menu" />
      <option name="myInitialPosition" value="-1" />
    </group>
    <group value="MoveElementRight" is_action="true" action_type="-1" position="21">
      <path value="root" />
      <path value="Main Menu" />
      <path value="Code" />
      <option name="myInitialPosition" value="-1" />
    </group>
    <group value="MoveElementLeft" is_action="true" action_type="-1" position="20">
      <path value="root" />
      <path value="Main Menu" />
      <path value="Code" />
      <option name="myInitialPosition" value="-1" />
    </group>
    <group value="EditSourceInNewWindow" is_action="true" action_type="-1" position="20">
      <path value="root" />
      <path value="Editor Tab Popup Menu" />
      <option name="myInitialPosition" value="-1" />
    </group>
    <group value="MoveStatementUp" is_action="true" action_type="-1" position="19">
      <path value="root" />
      <path value="Main Menu" />
      <path value="Code" />
      <option name="myInitialPosition" value="-1" />
    </group>
    <group seperator="true" action_type="-1" position="19">
      <path value="root" />
      <path value="Main Menu" />
      <path value="Help" />
      <option name="myInitialPosition" value="-1" />
    </group>
    <group value="PinActiveEditorTab" is_action="true" action_type="-1" position="19">
      <path value="root" />
      <path value="Editor Tab Popup Menu" />
      <option name="myInitialPosition" value="-1" />
    </group>
    <group value="EscapeEntities" is_action="true" action_type="-1" position="18">
      <path value="root" />
      <path value="Main Menu" />
      <path value="Edit" />
      <option name="myInitialPosition" value="-1" />
    </group>
    <group value="PySciView" is_action="true" action_type="-1" position="18">
      <path value="root" />
      <path value="Main Menu" />
      <path value="View" />
      <option name="myInitialPosition" value="-1" />
    </group>
    <group value="MoveStatementDown" is_action="true" action_type="-1" position="18">
      <path value="root" />
      <path value="Main Menu" />
      <path value="Code" />
      <option name="myInitialPosition" value="-1" />
    </group>
    <group value="DeleteOldAppDirs" is_action="true" action_type="-1" position="18">
      <path value="root" />
      <path value="Main Menu" />
      <path value="Help" />
      <option name="myInitialPosition" value="-1" />
    </group>
    <group value="PowerSaveGroup" is_group="true" action_type="-1" position="17">
      <path value="root" />
      <path value="Main Menu" />
      <path value="File" />
      <option name="myInitialPosition" value="-1" />
    </group>
    <group value="EmojiAndSymbols" is_action="true" action_type="-1" position="17">
      <path value="root" />
      <path value="Main Menu" />
      <path value="Edit" />
      <option name="myInitialPosition" value="-1" />
    </group>
    <group seperator="true" action_type="-1" position="17">
      <path value="root" />
      <path value="Main Menu" />
      <path value="View" />
      <option name="myInitialPosition" value="-1" />
    </group>
    <group value="CollectZippedLogs" is_action="true" action_type="-1" position="17">
      <path value="root" />
      <path value="Main Menu" />
      <path value="Help" />
      <option name="myInitialPosition" value="-1" />
    </group>
    <group value="UnsplitAll" is_action="true" action_type="-1" position="17">
      <path value="root" />
      <path value="Editor Tab Popup Menu" />
      <option name="myInitialPosition" value="-1" />
    </group>
    <group value="AddToFavorites" is_group="true" action_type="-1" position="16">
      <path value="root" />
      <path value="Main Menu" />
      <path value="File" />
      <option name="myInitialPosition" value="-1" />
    </group>
    <group seperator="true" action_type="-1" position="16">
      <path value="root" />
      <path value="Main Menu" />
      <path value="Edit" />
      <option name="myInitialPosition" value="-1" />
    </group>
    <group value="EditorBidiTextDirection" is_group="true" action_type="-1" position="16">
      <path value="root" />
      <path value="Main Menu" />
      <path value="View" />
      <option name="myInitialPosition" value="-1" />
    </group>
    <group value="ShowLog" is_action="true" action_type="-1" position="16">
      <path value="root" />
      <path value="Main Menu" />
      <path value="Help" />
      <option name="myInitialPosition" value="-1" />
    </group>
    <group value="Unsplit" is_action="true" action_type="-1" position="16">
      <path value="root" />
      <path value="Editor Tab Popup Menu" />
      <option name="myInitialPosition" value="-1" />
    </group>
    <group value="popup@ExpandableBookmarkContextMenu" is_group="true" action_type="-1" position="16">
      <path value="root" />
      <path value="Project View Popup Menu" />
      <option name="myInitialPosition" value="-1" />
    </group>
    <group value="EditBookmarksGroup" is_group="true" action_type="-1" position="15">
      <path value="root" />
      <path value="Main Menu" />
      <path value="Edit" />
      <option name="myInitialPosition" value="-1" />
    </group>
    <group value="JsonPathEvaluateAction" is_action="true" action_type="-1" position="15">
      <path value="root" />
      <path value="Main Menu" />
      <path value="Edit" />
      <path value="Find" />
      <option name="myInitialPosition" value="-1" />
    </group>
    <group seperator="true" action_type="-1" position="15">
      <path value="root" />
      <path value="Main Menu" />
      <path value="View" />
      <option name="myInitialPosition" value="-1" />
    </group>
    <group seperator="true" action_type="-1" position="15">
      <path value="root" />
      <path value="Main Menu" />
      <path value="Help" />
      <option name="myInitialPosition" value="-1" />
    </group>
    <group seperator="true" action_type="-1" position="15">
      <path value="root" />
      <path value="Editor Popup Menu" />
      <option name="myInitialPosition" value="-1" />
    </group>
    <group value="ChangeSplitOrientation" is_action="true" action_type="-1" position="15">
      <path value="root" />
      <path value="Editor Tab Popup Menu" />
      <option name="myInitialPosition" value="-1" />
    </group>
    <group seperator="true" action_type="-1" position="15">
      <path value="root" />
      <path value="Project View Popup Menu" />
      <option name="myInitialPosition" value="-1" />
    </group>
    <group value="PyConvertPackageToModuleAction" is_action="true" action_type="-1" position="15">
      <path value="root" />
      <path value="Project View Popup Menu" />
      <path value="Project View Popup Refactoring Group" />
      <path value="Refactor" />
      <option name="myInitialPosition" value="-1" />
    </group>
    <group value="Macros" is_group="true" action_type="-1" position="14">
      <path value="root" />
      <path value="Main Menu" />
      <path value="Edit" />
      <option name="myInitialPosition" value="-1" />
    </group>
    <group value="StructuralSearchActions" is_group="true" action_type="-1" position="14">
      <path value="root" />
      <path value="Main Menu" />
      <path value="Edit" />
      <path value="Find" />
      <option name="myInitialPosition" value="-1" />
    </group>
    <group value="EditorToggleActions" is_group="true" action_type="-1" position="14">
      <path value="root" />
      <path value="Main Menu" />
      <path value="View" />
      <option name="myInitialPosition" value="-1" />
    </group>
    <group value="CollapseBlock" is_action="true" action_type="-1" position="14">
      <path value="root" />
      <path value="Main Menu" />
      <path value="Code" />
      <path value="Folding" />
      <option name="myInitialPosition" value="-1" />
    </group>
    <group value="SendFeedback" is_action="true" action_type="-1" position="14">
      <path value="root" />
      <path value="Main Menu" />
      <path value="Help" />
      <option name="myInitialPosition" value="-1" />
    </group>
    <group value="CollapseBlock" is_action="true" action_type="-1" position="14">
      <path value="root" />
      <path value="Editor Popup Menu" />
      <path value="Editor Popup Menu Actions (1)" />
      <path value="EditorPopupMenu1.FindRefactor" />
      <path value="Folding" />
      <option name="myInitialPosition" value="-1" />
    </group>
    <group value="OpenEditorInOppositeTabGroup" is_action="true" action_type="-1" position="14">
      <path value="root" />
      <path value="Editor Tab Popup Menu" />
      <option name="myInitialPosition" value="-1" />
    </group>
    <group value="CleanPyc" is_action="true" action_type="-1" position="14">
      <path value="root" />
      <path value="Project View Popup Menu" />
      <option name="myInitialPosition" value="-1" />
    </group>
    <group value="PyConvertModuleToPackage" is_action="true" action_type="-1" position="14">
      <path value="root" />
      <path value="Project View Popup Menu" />
      <path value="Project View Popup Refactoring Group" />
      <path value="Refactor" />
      <option name="myInitialPosition" value="-1" />
    </group>
    <group value="SaveFileAsTemplate" is_action="true" action_type="-1" position="13">
      <path value="root" />
      <path value="Main Menu" />
      <path value="File" />
      <option name="myInitialPosition" value="-1" />
    </group>
    <group seperator="true" action_type="-1" position="13">
      <path value="root" />
      <path value="Main Menu" />
      <path value="Edit" />
      <option name="myInitialPosition" value="-1" />
    </group>
    <group value="QuickChangeScheme" is_action="true" action_type="-1" position="13">
      <path value="root" />
      <path value="Main Menu" />
      <path value="View" />
      <option name="myInitialPosition" value="-1" />
    </group>
    <group value="CollapseSelection" is_action="true" action_type="-1" position="13">
      <path value="root" />
      <path value="Main Menu" />
      <path value="Code" />
      <path value="Folding" />
      <option name="myInitialPosition" value="-1" />
    </group>
    <group value="ProfilerActions" is_group="true" action_type="-1" position="13">
      <path value="root" />
      <path value="Main Menu" />
      <path value="Run" />
      <option name="myInitialPosition" value="-1" />
    </group>
    <group value="ReportProblem" is_action="true" action_type="-1" position="13">
      <path value="root" />
      <path value="Main Menu" />
      <path value="Help" />
      <option name="myInitialPosition" value="-1" />
    </group>
    <group seperator="true" action_type="-1" position="13">
      <path value="root" />
      <path value="Editor Popup Menu" />
      <option name="myInitialPosition" value="-1" />
    </group>
    <group value="CollapseSelection" is_action="true" action_type="-1" position="13">
      <path value="root" />
      <path value="Editor Popup Menu" />
      <path value="Editor Popup Menu Actions (1)" />
      <path value="EditorPopupMenu1.FindRefactor" />
      <path value="Folding" />
      <option name="myInitialPosition" value="-1" />
    </group>
    <group value="MoveEditorToOppositeTabGroup" is_action="true" action_type="-1" position="13">
      <path value="root" />
      <path value="Editor Tab Popup Menu" />
      <option name="myInitialPosition" value="-1" />
    </group>
    <group value="ValidateXml" is_action="true" action_type="-1" position="13">
      <path value="root" />
      <path value="Editor Tab Popup Menu" />
      <path value="Editor Tab Popup Menu Actions (1)" />
      <option name="myInitialPosition" value="-1" />
    </group>
    <group value="InvertBoolean" is_action="true" action_type="-1" position="13">
      <path value="root" />
      <path value="Project View Popup Menu" />
      <path value="Project View Popup Refactoring Group" />
      <path value="Refactor" />
      <option name="myInitialPosition" value="-1" />
    </group>
    <group value="FileOtherSettingsGroup" is_group="true" action_type="-1" position="12">
      <path value="root" />
      <path value="Main Menu" />
      <path value="File" />
      <option name="myInitialPosition" value="-1" />
    </group>
    <group seperator="true" action_type="-1" position="12">
      <path value="root" />
      <path value="Main Menu" />
      <path value="View" />
      <option name="myInitialPosition" value="-1" />
    </group>
    <group seperator="true" action_type="-1" position="12">
      <path value="root" />
      <path value="Main Menu" />
      <path value="Code" />
      <option name="myInitialPosition" value="-1" />
    </group>
    <group seperator="true" action_type="-1" position="12">
      <path value="root" />
      <path value="Main Menu" />
      <path value="Code" />
      <path value="Folding" />
      <option name="myInitialPosition" value="-1" />
    </group>
    <group value="RunTestGroup" is_group="true" action_type="-1" position="12">
      <path value="root" />
      <path value="Main Menu" />
      <path value="Run" />
      <option name="myInitialPosition" value="-1" />
    </group>
    <group value="TechnicalSupport" is_action="true" action_type="-1" position="12">
      <path value="root" />
      <path value="Main Menu" />
      <path value="Help" />
      <option name="myInitialPosition" value="-1" />
    </group>
    <group seperator="true" action_type="-1" position="12">
      <path value="root" />
      <path value="Editor Popup Menu" />
      <path value="Editor Popup Menu Actions (1)" />
      <path value="EditorPopupMenu1.FindRefactor" />
      <path value="Folding" />
      <option name="myInitialPosition" value="-1" />
    </group>
    <group value="MoveTabDown" is_action="true" action_type="-1" position="12">
      <path value="root" />
      <path value="Editor Tab Popup Menu" />
      <option name="myInitialPosition" value="-1" />
    </group>
    <group value="ExternalToolsGroup" is_group="true" action_type="-1" position="12">
      <path value="root" />
      <path value="Editor Tab Popup Menu" />
      <path value="Editor Tab Popup Menu Actions (1)" />
      <option name="myInitialPosition" value="-1" />
    </group>
    <group value="MemberPushDown" is_action="true" action_type="-1" position="12">
      <path value="root" />
      <path value="Project View Popup Menu" />
      <path value="Project View Popup Refactoring Group" />
      <path value="Refactor" />
      <option name="myInitialPosition" value="-1" />
    </group>
    <group seperator="true" action_type="-1" position="11">
      <path value="root" />
      <path value="Main Menu" />
      <path value="Edit" />
      <path value="Find" />
      <option name="myInitialPosition" value="-1" />
    </group>
    <group value="CompareActions" is_group="true" action_type="-1" position="11">
      <path value="root" />
      <path value="Main Menu" />
      <path value="View" />
      <option name="myInitialPosition" value="-1" />
    </group>
    <group value="Unwrap" is_action="true" action_type="-1" position="11">
      <path value="root" />
      <path value="Main Menu" />
      <path value="Code" />
      <option name="myInitialPosition" value="-1" />
    </group>
    <group value="LanguageSpecificFoldingGroup" is_group="true" action_type="-1" position="11">
      <path value="root" />
      <path value="Main Menu" />
      <path value="Code" />
      <path value="Folding" />
      <option name="myInitialPosition" value="-1" />
    </group>
    <group value="DebugMainMenu" is_group="true" action_type="-1" position="11">
      <path value="root" />
      <path value="Main Menu" />
      <path value="Run" />
      <option name="myInitialPosition" value="-1" />
    </group>
    <group seperator="true" action_type="-1" position="11">
      <path value="root" />
      <path value="Main Menu" />
      <path value="Help" />
      <option name="myInitialPosition" value="-1" />
    </group>
    <group value="LanguageSpecificFoldingGroup" is_group="true" action_type="-1" position="11">
      <path value="root" />
      <path value="Editor Popup Menu" />
      <path value="Editor Popup Menu Actions (1)" />
      <path value="EditorPopupMenu1.FindRefactor" />
      <path value="Folding" />
      <option name="myInitialPosition" value="-1" />
    </group>
    <group value="SplitHorizontally" is_action="true" action_type="-1" position="11">
      <path value="root" />
      <path value="Editor Tab Popup Menu" />
      <option name="myInitialPosition" value="-1" />
    </group>
    <group seperator="true" action_type="-1" position="11">
      <path value="root" />
      <path value="Editor Tab Popup Menu" />
      <path value="Editor Tab Popup Menu Actions (1)" />
      <option name="myInitialPosition" value="-1" />
    </group>
    <group value="InspectCodeActionInPopupMenus" is_group="true" action_type="-1" position="11">
      <path value="root" />
      <path value="Project View Popup Menu" />
      <option name="myInitialPosition" value="-1" />
    </group>
    <group value="MembersPullUp" is_action="true" action_type="-1" position="11">
      <path value="root" />
      <path value="Project View Popup Menu" />
      <path value="Project View Popup Refactoring Group" />
      <path value="Refactor" />
      <option name="myInitialPosition" value="-1" />
    </group>
    <group value="FindPrevWordAtCaret" is_action="true" action_type="-1" position="10">
      <path value="root" />
      <path value="Main Menu" />
      <path value="Edit" />
      <path value="Find" />
      <option name="myInitialPosition" value="-1" />
    </group>
    <group value="ViewMembersInNavigationBar" is_action="true" action_type="-1" position="10">
      <path value="root" />
      <path value="Main Menu" />
      <path value="View" />
      <path value="Appearance" />
      <path value="UIToggleActions" />
      <option name="myInitialPosition" value="-1" />
    </group>
    <group value="SurroundWith" is_action="true" action_type="-1" position="10">
      <path value="root" />
      <path value="Main Menu" />
      <path value="Code" />
      <option name="myInitialPosition" value="-1" />
    </group>
    <group seperator="true" action_type="-1" position="10">
      <path value="root" />
      <path value="Main Menu" />
      <path value="Code" />
      <path value="Folding" />
      <option name="myInitialPosition" value="-1" />
    </group>
    <group value="ShowLiveRunConfigurations" is_action="true" action_type="-1" position="10">
      <path value="root" />
      <path value="Main Menu" />
      <path value="Run" />
      <option name="myInitialPosition" value="-1" />
    </group>
    <group value="OpenProjectWindows" is_group="true" action_type="-1" position="10">
      <path value="root" />
      <path value="Main Menu" />
      <path value="Window" />
      <option name="myInitialPosition" value="-1" />
    </group>
    <group value="ProductivityGuide" is_action="true" action_type="-1" position="10">
      <path value="root" />
      <path value="Main Menu" />
      <path value="Help" />
      <option name="myInitialPosition" value="-1" />
    </group>
    <group value="MainToolBarSettings" is_group="true" action_type="-1" position="10">
      <path value="root" />
      <path value="Main Toolbar" />
      <option name="myInitialPosition" value="-1" />
    </group>
    <group seperator="true" action_type="-1" position="10">
      <path value="root" />
      <path value="Editor Popup Menu" />
      <path value="Editor Popup Menu Actions (1)" />
      <path value="EditorPopupMenu1.FindRefactor" />
      <path value="Folding" />
      <option name="myInitialPosition" value="-1" />
    </group>
    <group value="EmmetUpdateTag" is_action="true" action_type="-1" position="10">
      <path value="root" />
      <path value="Editor Popup Menu" />
      <path value="Editor Popup Menu Actions (2)" />
      <option name="myInitialPosition" value="-1" />
    </group>
    <group value="MoveTabRight" is_action="true" action_type="-1" position="10">
      <path value="root" />
      <path value="Editor Tab Popup Menu" />
      <option name="myInitialPosition" value="-1" />
    </group>
    <group value="VersionControlsGroup" is_group="true" action_type="-1" position="10">
      <path value="root" />
      <path value="Editor Tab Popup Menu" />
      <path value="Editor Tab Popup Menu Actions (1)" />
      <option name="myInitialPosition" value="-1" />
    </group>
    <group value="ReplaceInPath" is_action="true" action_type="-1" position="10">
      <path value="root" />
      <path value="Project View Popup Menu" />
      <option name="myInitialPosition" value="-1" />
    </group>
    <group seperator="true" action_type="-1" position="10">
      <path value="root" />
      <path value="Project View Popup Menu" />
      <path value="Project View Popup Refactoring Group" />
      <path value="Refactor" />
      <option name="myInitialPosition" value="-1" />
    </group>
    <group value="VcsGroups" is_group="true" action_type="-1" position="9">
      <path value="root" />
      <path value="Main Menu" />
      <option name="myInitialPosition" value="-1" />
    </group>
    <group value="InvalidateCaches" is_action="true" action_type="-1" position="9">
      <path value="root" />
      <path value="Main Menu" />
      <path value="File" />
      <option name="myInitialPosition" value="-1" />
    </group>
    <group value="EditorToggleColumnMode" is_action="true" action_type="-1" position="9">
      <path value="root" />
      <path value="Main Menu" />
      <path value="Edit" />
      <option name="myInitialPosition" value="-1" />
    </group>
    <group value="FindWordAtCaret" is_action="true" action_type="-1" position="9">
      <path value="root" />
      <path value="Main Menu" />
      <path value="Edit" />
      <path value="Find" />
      <option name="myInitialPosition" value="-1" />
    </group>
    <group value="ViewRecentActions" is_group="true" action_type="-1" position="9">
      <path value="root" />
      <path value="Main Menu" />
      <path value="View" />
      <option name="myInitialPosition" value="-1" />
    </group>
    <group value="ViewInplaceComments" is_action="true" action_type="-1" position="9">
      <path value="root" />
      <path value="Main Menu" />
      <path value="View" />
      <path value="Appearance" />
      <path value="UIToggleActions" />
      <option name="myInitialPosition" value="-1" />
    </group>
    <group seperator="true" action_type="-1" position="9">
      <path value="root" />
      <path value="Main Menu" />
      <path value="Code" />
      <option name="myInitialPosition" value="-1" />
    </group>
    <group value="ExpandAllToLevel" is_group="true" action_type="-1" position="9">
      <path value="root" />
      <path value="Main Menu" />
      <path value="Code" />
      <path value="Folding" />
      <option name="myInitialPosition" value="-1" />
    </group>
    <group value="StopBackgroundProcesses" is_action="true" action_type="-1" position="9">
      <path value="root" />
      <path value="Main Menu" />
      <path value="Run" />
      <option name="myInitialPosition" value="-1" />
    </group>
    <group seperator="true" action_type="-1" position="9">
      <path value="root" />
      <path value="Main Menu" />
      <path value="Window" />
      <option name="myInitialPosition" value="-1" />
    </group>
    <group seperator="true" action_type="-1" position="9">
      <path value="root" />
      <path value="Main Toolbar" />
      <option name="myInitialPosition" value="-1" />
    </group>
    <group value="ExpandAllToLevel" is_group="true" action_type="-1" position="9">
      <path value="root" />
      <path value="Editor Popup Menu" />
      <path value="Editor Popup Menu Actions (1)" />
      <path value="EditorPopupMenu1.FindRefactor" />
      <path value="Folding" />
      <option name="myInitialPosition" value="-1" />
    </group>
    <group value="ExternalToolsGroup" is_group="true" action_type="-1" position="9">
      <path value="root" />
      <path value="Editor Popup Menu" />
      <path value="Editor Popup Menu Actions (2)" />
      <option name="myInitialPosition" value="-1" />
    </group>
    <group value="SplitVertically" is_action="true" action_type="-1" position="9">
      <path value="root" />
      <path value="Editor Tab Popup Menu" />
      <option name="myInitialPosition" value="-1" />
    </group>
    <group seperator="true" action_type="-1" position="9">
      <path value="root" />
      <path value="Editor Tab Popup Menu" />
      <path value="Editor Tab Popup Menu Actions (1)" />
      <option name="myInitialPosition" value="-1" />
    </group>
    <group value="ToolsMenu" is_group="true" action_type="-1" position="8">
      <path value="root" />
      <path value="Main Menu" />
      <option name="myInitialPosition" value="-1" />
    </group>
    <group value="CacheRecovery" is_group="true" action_type="-1" position="8">
      <path value="root" />
      <path value="Main Menu" />
      <path value="File" />
      <option name="myInitialPosition" value="-1" />
    </group>
    <group value="CloseOtherProjects" is_action="true" action_type="-1" position="8">
      <path value="root" />
      <path value="Main Menu" />
      <path value="File" />
      <path value="File Open Actions" />
      <option name="myInitialPosition" value="-1" />
    </group>
    <group value="ShowRecentFindUsagesGroup" is_group="true" action_type="-1" position="8">
      <path value="root" />
      <path value="Main Menu" />
      <path value="Edit" />
      <path value="Find Usages" />
      <option name="myInitialPosition" value="-1" />
    </group>
    <group value="ViewStatusBarWidgetsGroup" is_group="true" action_type="-1" position="8">
      <path value="root" />
      <path value="Main Menu" />
      <path value="View" />
      <path value="Appearance" />
      <path value="UIToggleActions" />
      <option name="myInitialPosition" value="-1" />
    </group>
    <group value="SaveAsTemplate" is_action="true" action_type="-1" position="8">
      <path value="root" />
      <path value="Main Menu" />
      <path value="Code" />
      <option name="myInitialPosition" value="-1" />
    </group>
    <group value="ExpandToLevel" is_group="true" action_type="-1" position="8">
      <path value="root" />
      <path value="Main Menu" />
      <path value="Code" />
      <path value="Folding" />
      <option name="myInitialPosition" value="-1" />
    </group>
    <group value="BackgroundTasks" is_group="true" action_type="-1" position="8">
      <path value="root" />
      <path value="Main Menu" />
      <path value="Window" />
      <option name="myInitialPosition" value="-1" />
    </group>
    <group value="ExpandToLevel" is_group="true" action_type="-1" position="8">
      <path value="root" />
      <path value="Editor Popup Menu" />
      <path value="Editor Popup Menu Actions (1)" />
      <path value="EditorPopupMenu1.FindRefactor" />
      <path value="Folding" />
      <option name="myInitialPosition" value="-1" />
    </group>
    <group seperator="true" action_type="-1" position="8">
      <path value="root" />
      <path value="Editor Popup Menu" />
      <path value="Editor Popup Menu Actions (2)" />
      <option name="myInitialPosition" value="-1" />
    </group>
    <group value="&lt;anonymous-group-2&gt;" is_group="true" action_type="-1" position="8">
      <path value="root" />
      <path value="Editor Tab Popup Menu" />
      <option name="myInitialPosition" value="-1" />
    </group>
    <group value="FindUsages" is_action="true" action_type="-1" position="8">
      <path value="root" />
      <path value="Project View Popup Menu" />
      <option name="myInitialPosition" value="-1" />
    </group>
    <group value="CopyElement" is_action="true" action_type="-1" position="8">
      <path value="root" />
      <path value="Project View Popup Menu" />
      <path value="Project View Popup Refactoring Group" />
      <path value="Refactor" />
      <option name="myInitialPosition" value="-1" />
    </group>
    <group value="Synchronize" is_action="true" action_type="-1" position="7">
      <path value="root" />
      <path value="Main Menu" />
      <path value="File" />
      <option name="myInitialPosition" value="-1" />
    </group>
    <group value="CloseAllProjects" is_action="true" action_type="-1" position="7">
      <path value="root" />
      <path value="Main Menu" />
      <path value="File" />
      <path value="File Open Actions" />
      <option name="myInitialPosition" value="-1" />
    </group>
    <group value="CloudConfigAction" is_action="true" action_type="-1" position="7">
      <path value="root" />
      <path value="Main Menu" />
      <path value="File" />
      <path value="Manage IDE Settings" />
      <option name="myInitialPosition" value="-1" />
    </group>
    <group value="JsonCopyPointer" is_action="true" action_type="-1" position="7">
      <path value="root" />
      <path value="Main Menu" />
      <path value="Edit" />
      <path value="Cut/Copy/Paste Actions" />
      <option name="myInitialPosition" value="-1" />
    </group>
    <group value="ToggleFindInSelection" is_action="true" action_type="-1" position="7">
      <path value="root" />
      <path value="Main Menu" />
      <path value="Edit" />
      <path value="Find" />
      <option name="myInitialPosition" value="-1" />
    </group>
    <group value="GotoPrevElementUnderCaretUsage" is_action="true" action_type="-1" position="7">
      <path value="root" />
      <path value="Main Menu" />
      <path value="Edit" />
      <path value="Find Usages" />
      <option name="myInitialPosition" value="-1" />
    </group>
    <group seperator="true" action_type="-1" position="7">
      <path value="root" />
      <path value="Main Menu" />
      <path value="Edit" />
      <path value="Edit Code Actions" />
      <option name="myInitialPosition" value="-1" />
    </group>
    <group value="OpenInBrowserGroup" is_group="true" action_type="-1" position="7">
      <path value="root" />
      <path value="Main Menu" />
      <path value="View" />
      <option name="myInitialPosition" value="-1" />
    </group>
    <group value="ViewStatusBar" is_action="true" action_type="-1" position="7">
      <path value="root" />
      <path value="Main Menu" />
      <path value="View" />
      <path value="Appearance" />
      <path value="UIToggleActions" />
      <option name="myInitialPosition" value="-1" />
    </group>
    <group value="InsertLiveTemplate" is_action="true" action_type="-1" position="7">
      <path value="root" />
      <path value="Main Menu" />
      <path value="Code" />
      <option name="myInitialPosition" value="-1" />
    </group>
    <group seperator="true" action_type="-1" position="7">
      <path value="root" />
      <path value="Main Menu" />
      <path value="Code" />
      <path value="Folding" />
      <option name="myInitialPosition" value="-1" />
    </group>
    <group seperator="true" action_type="-1" position="7">
      <path value="root" />
      <path value="Main Menu" />
      <path value="Run" />
      <option name="myInitialPosition" value="-1" />
    </group>
    <group value="Notifications" is_group="true" action_type="-1" position="7">
      <path value="root" />
      <path value="Main Menu" />
      <path value="Window" />
      <option name="myInitialPosition" value="-1" />
    </group>
    <group seperator="true" action_type="-1" position="7">
      <path value="root" />
      <path value="Editor Popup Menu" />
      <path value="Editor Popup Menu Actions (1)" />
      <path value="EditorPopupMenu1.FindRefactor" />
      <path value="Folding" />
      <option name="myInitialPosition" value="-1" />
    </group>
    <group value="VersionControlsGroup" is_group="true" action_type="-1" position="7">
      <path value="root" />
      <path value="Editor Popup Menu" />
      <path value="Editor Popup Menu Actions (2)" />
      <option name="myInitialPosition" value="-1" />
    </group>
    <group value="EditorBreadcrumbsSettings" is_group="true" action_type="-1" position="7">
      <path value="root" />
      <path value="Editor Gutter Popup Menu" />
      <option name="myInitialPosition" value="-1" />
    </group>
    <group value="CloseAllReadonly" is_action="true" action_type="-1" position="7">
      <path value="root" />
      <path value="Editor Tab Popup Menu" />
      <path value="Editor Close Actions" />
      <option name="myInitialPosition" value="-1" />
    </group>
    <group value="GithubCopyPathProvider" is_action="true" action_type="-1" position="7">
      <path value="root" />
      <path value="Editor Tab Popup Menu" />
      <path value="Copy Path/Reference..." />
      <path value="CopyFileReference" />
      <option name="myInitialPosition" value="-1" />
    </group>
    <group value="JsonCopyPointer" is_action="true" action_type="-1" position="7">
      <path value="root" />
      <path value="Project View Popup Menu" />
      <path value="Cut/Copy/Paste Actions" />
      <option name="myInitialPosition" value="-1" />
    </group>
    <group value="GithubCopyPathProvider" is_action="true" action_type="-1" position="7">
      <path value="root" />
      <path value="Project View Popup Menu" />
      <path value="Cut/Copy/Paste Actions" />
      <path value="Copy Path/Reference..." />
      <path value="CopyFileReference" />
      <option name="myInitialPosition" value="-1" />
    </group>
    <group value="Move" is_action="true" action_type="-1" position="7">
      <path value="root" />
      <path value="Project View Popup Menu" />
      <path value="Project View Popup Refactoring Group" />
      <path value="Refactor" />
      <option name="myInitialPosition" value="-1" />
    </group>
    <group value="BuildMenu" is_group="true" action_type="-1" position="6">
      <path value="root" />
      <path value="Main Menu" />
      <option name="myInitialPosition" value="-1" />
    </group>
    <group value="CloseProject" is_action="true" action_type="-1" position="6">
      <path value="root" />
      <path value="Main Menu" />
      <path value="File" />
      <path value="File Open Actions" />
      <option name="myInitialPosition" value="-1" />
    </group>
    <group value="CloudConfigActionGroup" is_group="true" action_type="-1" position="6">
      <path value="root" />
      <path value="Main Menu" />
      <path value="File" />
      <path value="Manage IDE Settings" />
      <option name="myInitialPosition" value="-1" />
    </group>
    <group value="UnselectPreviousOccurrence" is_action="true" action_type="-1" position="6">
      <path value="root" />
      <path value="Main Menu" />
      <path value="Edit" />
      <path value="Find" />
      <option name="myInitialPosition" value="-1" />
    </group>
    <group value="GotoNextElementUnderCaretUsage" is_action="true" action_type="-1" position="6">
      <path value="root" />
      <path value="Main Menu" />
      <path value="Edit" />
      <path value="Find Usages" />
      <option name="myInitialPosition" value="-1" />
    </group>
    <group value="EditorTranspose" is_action="true" action_type="-1" position="6">
      <path value="root" />
      <path value="Main Menu" />
      <path value="Edit" />
      <path value="Edit Code Actions" />
      <option name="myInitialPosition" value="-1" />
    </group>
    <group value="ViewSource" is_action="true" action_type="-1" position="6">
      <path value="root" />
      <path value="Main Menu" />
      <path value="View" />
      <option name="myInitialPosition" value="-1" />
    </group>
    <group value="ViewToolButtons" is_action="true" action_type="-1" position="6">
      <path value="root" />
      <path value="Main Menu" />
      <path value="View" />
      <path value="Appearance" />
      <path value="UIToggleActions" />
      <option name="myInitialPosition" value="-1" />
    </group>
    <group seperator="true" action_type="-1" position="6">
      <path value="root" />
      <path value="Main Menu" />
      <path value="Code" />
      <option name="myInitialPosition" value="-1" />
    </group>
    <group value="ManageTargets" is_action="true" action_type="-1" position="6">
      <path value="root" />
      <path value="Main Menu" />
      <path value="Run" />
      <option name="myInitialPosition" value="-1" />
    </group>
    <group value="EditorTabsGroup" is_group="true" action_type="-1" position="6">
      <path value="root" />
      <path value="Main Menu" />
      <path value="Window" />
      <option name="myInitialPosition" value="-1" />
    </group>
    <group value="Forward" is_action="true" action_type="-1" position="6">
      <path value="root" />
      <path value="Main Toolbar" />
      <option name="myInitialPosition" value="-1" />
    </group>
    <group value="CollapseAllRegions" is_action="true" action_type="-1" position="6">
      <path value="root" />
      <path value="Editor Popup Menu" />
      <path value="Editor Popup Menu Actions (1)" />
      <path value="EditorPopupMenu1.FindRefactor" />
      <path value="Folding" />
      <option name="myInitialPosition" value="-1" />
    </group>
    <group value="GotoTest" is_action="true" action_type="-1" position="6">
      <path value="root" />
      <path value="Editor Popup Menu" />
      <path value="Editor Popup Menu Actions (2)" />
      <path value="Go To" />
      <option name="myInitialPosition" value="-1" />
    </group>
    <group value="CloseAllToTheRight" is_action="true" action_type="-1" position="6">
      <path value="root" />
      <path value="Editor Tab Popup Menu" />
      <path value="Editor Close Actions" />
      <option name="myInitialPosition" value="-1" />
    </group>
    <group value="CopyPathFromRepositoryRootProvider" is_action="true" action_type="-1" position="6">
      <path value="root" />
      <path value="Editor Tab Popup Menu" />
      <path value="Copy Path/Reference..." />
      <path value="CopyFileReference" />
      <option name="myInitialPosition" value="-1" />
    </group>
    <group value="ChangesView.ApplyPatch" is_action="true" action_type="-1" position="6">
      <path value="root" />
      <path value="Project View Popup Menu" />
      <option name="myInitialPosition" value="-1" />
    </group>
    <group value="JupyterCreateFileAction" is_action="true" action_type="-1" position="6">
      <path value="root" />
      <path value="Project View Popup Menu" />
      <path value="New" />
      <option name="myInitialPosition" value="-1" />
    </group>
    <group seperator="true" action_type="-1" position="6">
      <path value="root" />
      <path value="Project View Popup Menu" />
      <path value="Project View Popup Refactoring Group" />
      <path value="Refactor" />
      <option name="myInitialPosition" value="-1" />
    </group>
    <group value="RefactoringMenu" is_group="true" action_type="-1" position="5">
      <path value="root" />
      <path value="Main Menu" />
      <option name="myInitialPosition" value="-1" />
    </group>
    <group value="LocalHistory.MainMenuGroup" is_group="true" action_type="-1" position="5">
      <path value="root" />
      <path value="Main Menu" />
      <path value="File" />
      <option name="myInitialPosition" value="-1" />
    </group>
    <group value="OpenRemoteDevelopment" is_action="true" action_type="-1" position="5">
      <path value="root" />
      <path value="Main Menu" />
      <path value="File" />
      <path value="File Open Actions" />
      <option name="myInitialPosition" value="-1" />
    </group>
    <group value="SyncSettings" is_group="true" action_type="-1" position="5">
      <path value="root" />
      <path value="Main Menu" />
      <path value="File" />
      <path value="Manage IDE Settings" />
      <option name="myInitialPosition" value="-1" />
    </group>
    <group value="ToggleReadOnlyAttribute" is_action="true" action_type="-1" position="5">
      <path value="root" />
      <path value="Main Menu" />
      <path value="File" />
      <path value="File Properties" />
      <option name="myInitialPosition" value="-1" />
    </group>
    <group value="CopyReferencePopupGroup" is_group="true" action_type="-1" position="5">
      <path value="root" />
      <path value="Main Menu" />
      <path value="Edit" />
      <path value="Cut/Copy/Paste Actions" />
      <option name="myInitialPosition" value="-1" />
    </group>
    <group value="SelectNextOccurrence" is_action="true" action_type="-1" position="5">
      <path value="root" />
      <path value="Main Menu" />
      <path value="Edit" />
      <path value="Find" />
      <option name="myInitialPosition" value="-1" />
    </group>
    <group value="HighlightUsagesInFile" is_action="true" action_type="-1" position="5">
      <path value="root" />
      <path value="Main Menu" />
      <path value="Edit" />
      <path value="Find Usages" />
      <option name="myInitialPosition" value="-1" />
    </group>
    <group value="EditorReverseLines" is_action="true" action_type="-1" position="5">
      <path value="root" />
      <path value="Main Menu" />
      <path value="Edit" />
      <path value="Edit Code Actions" />
      <option name="myInitialPosition" value="-1" />
    </group>
    <group value="OpenInRightSplit" is_action="true" action_type="-1" position="5">
      <path value="root" />
      <path value="Main Menu" />
      <path value="View" />
      <option name="myInitialPosition" value="-1" />
    </group>
    <group value="ViewToolbarActionsGroup" is_group="true" action_type="-1" position="5">
      <path value="root" />
      <path value="Main Menu" />
      <path value="View" />
      <path value="Appearance" />
      <path value="UIToggleActions" />
      <option name="myInitialPosition" value="-1" />
    </group>
    <group value="InspectCodeInCodeMenuGroup" is_group="true" action_type="-1" position="5">
      <path value="root" />
      <path value="Main Menu" />
      <path value="Code" />
      <option name="myInitialPosition" value="-1" />
    </group>
    <group value="CollapseRegionRecursively" is_action="true" action_type="-1" position="5">
      <path value="root" />
      <path value="Main Menu" />
      <path value="Code" />
      <path value="Folding" />
      <option name="myInitialPosition" value="-1" />
    </group>
    <group value="ActiveToolwindowGroup" is_group="true" action_type="-1" position="5">
      <path value="root" />
      <path value="Main Menu" />
      <path value="Window" />
      <option name="myInitialPosition" value="-1" />
    </group>
    <group value="Back" is_action="true" action_type="-1" position="5">
      <path value="root" />
      <path value="Main Toolbar" />
      <option name="myInitialPosition" value="-1" />
    </group>
    <group value="CollapseRegionRecursively" is_action="true" action_type="-1" position="5">
      <path value="root" />
      <path value="Editor Popup Menu" />
      <path value="Editor Popup Menu Actions (1)" />
      <path value="EditorPopupMenu1.FindRefactor" />
      <path value="Folding" />
      <option name="myInitialPosition" value="-1" />
    </group>
    <group value="GotoRelated" is_action="true" action_type="-1" position="5">
      <path value="root" />
      <path value="Editor Popup Menu" />
      <path value="Editor Popup Menu Actions (2)" />
      <path value="Go To" />
      <option name="myInitialPosition" value="-1" />
    </group>
    <group seperator="true" action_type="-1" position="5">
      <path value="root" />
      <path value="Editor Gutter Popup Menu" />
      <path value="popup@BookmarkContextMenu" />
      <option name="myInitialPosition" value="-1" />
    </group>
    <group value="ChangeTemplateDataLanguage" is_action="true" action_type="-1" position="5">
      <path value="root" />
      <path value="Editor Tab Popup Menu" />
      <option name="myInitialPosition" value="-1" />
    </group>
    <group value="CloseAllToTheLeft" is_action="true" action_type="-1" position="5">
      <path value="root" />
      <path value="Editor Tab Popup Menu" />
      <path value="Editor Close Actions" />
      <option name="myInitialPosition" value="-1" />
    </group>
    <group value="CopySourceRootPath" is_action="true" action_type="-1" position="5">
      <path value="root" />
      <path value="Editor Tab Popup Menu" />
      <path value="Copy Path/Reference..." />
      <path value="CopyFileReference" />
      <option name="myInitialPosition" value="-1" />
    </group>
    <group value="AddAllToFavorites" is_group="true" action_type="-1" position="5">
      <path value="root" />
      <path value="Editor Tab Popup Menu" />
      <path value="Editor Tab Popup Menu Actions (1)" />
      <option name="myInitialPosition" value="-1" />
    </group>
    <group value="ProjectViewEditSource" is_action="true" action_type="-1" position="5">
      <path value="root" />
      <path value="Project View Popup Menu" />
      <option name="myInitialPosition" value="-1" />
    </group>
    <group value="CopySourceRootPath" is_action="true" action_type="-1" position="5">
      <path value="root" />
      <path value="Project View Popup Menu" />
      <path value="Cut/Copy/Paste Actions" />
      <path value="Copy Path/Reference..." />
      <path value="CopyFileReference" />
      <option name="myInitialPosition" value="-1" />
    </group>
    <group value="Inline" is_action="true" action_type="-1" position="5">
      <path value="root" />
      <path value="Project View Popup Menu" />
      <path value="Project View Popup Refactoring Group" />
      <path value="Refactor" />
      <option name="myInitialPosition" value="-1" />
    </group>
    <group value="MarkFileAs" is_group="true" action_type="-1" position="5">
      <path value="root" />
      <path value="Project View Popup Menu" />
      <path value="Project View Popup Menu Modify Group" />
      <option name="myInitialPosition" value="-1" />
    </group>
    <group seperator="true" action_type="-1" position="4">
      <path value="root" />
      <path value="Main Menu" />
      <path value="File" />
      <option name="myInitialPosition" value="-1" />
    </group>
    <group value="ConfigureIcs" is_action="true" action_type="-1" position="4">
      <path value="root" />
      <path value="Main Menu" />
      <path value="File" />
      <path value="Manage IDE Settings" />
      <option name="myInitialPosition" value="-1" />
    </group>
    <group value="ChangeTemplateDataLanguage" is_action="true" action_type="-1" position="4">
      <path value="root" />
      <path value="Main Menu" />
      <path value="File" />
      <path value="File Properties" />
      <option name="myInitialPosition" value="-1" />
    </group>
    <group value="CopyAsRichText" is_action="true" action_type="-1" position="4">
      <path value="root" />
      <path value="Main Menu" />
      <path value="Edit" />
      <path value="Cut/Copy/Paste Actions" />
      <option name="myInitialPosition" value="-1" />
    </group>
    <group value="SelectAllOccurrences" is_action="true" action_type="-1" position="4">
      <path value="root" />
      <path value="Main Menu" />
      <path value="Edit" />
      <path value="Find" />
      <option name="myInitialPosition" value="-1" />
    </group>
    <group value="EditorSortLines" is_action="true" action_type="-1" position="4">
      <path value="root" />
      <path value="Main Menu" />
      <path value="Edit" />
      <path value="Edit Code Actions" />
      <option name="myInitialPosition" value="-1" />
    </group>
    <group value="EditSource" is_action="true" action_type="-1" position="4">
      <path value="root" />
      <path value="Main Menu" />
      <path value="View" />
      <option name="myInitialPosition" value="-1" />
    </group>
    <group value="ViewObsoleteNavBarAction" is_action="true" action_type="-1" position="4">
      <path value="root" />
      <path value="Main Menu" />
      <path value="View" />
      <path value="Appearance" />
      <path value="UIToggleActions" />
      <option name="myInitialPosition" value="-1" />
    </group>
    <group value="CodeCompletionGroup" is_group="true" action_type="-1" position="4">
      <path value="root" />
      <path value="Main Menu" />
      <path value="Code" />
      <option name="myInitialPosition" value="-1" />
    </group>
    <group value="RearrangeCode" is_action="true" action_type="-1" position="4">
      <path value="root" />
      <path value="Main Menu" />
      <path value="Code" />
      <path value="Code Formatting Actions" />
      <option name="myInitialPosition" value="-1" />
    </group>
    <group value="XDebugger.AttachGroup" is_group="true" action_type="-1" position="4">
      <path value="root" />
      <path value="Main Menu" />
      <path value="Run" />
      <option name="myInitialPosition" value="-1" />
    </group>
    <group seperator="true" action_type="-1" position="4">
      <path value="root" />
      <path value="Main Menu" />
      <path value="Window" />
      <option name="myInitialPosition" value="-1" />
    </group>
    <group value="EditorPopupMenuDebug" is_group="true" action_type="-1" position="4">
      <path value="root" />
      <path value="Editor Popup Menu" />
      <path value="Editor Popup Menu Actions (2)" />
      <option name="myInitialPosition" value="-1" />
    </group>
    <group value="GotoSuperMethod" is_action="true" action_type="-1" position="4">
      <path value="root" />
      <path value="Editor Popup Menu" />
      <path value="Editor Popup Menu Actions (2)" />
      <path value="Go To" />
      <option name="myInitialPosition" value="-1" />
    </group>
    <group value="ToggleBookmarkWithMnemonic" is_action="true" action_type="-1" position="4">
      <path value="root" />
      <path value="Editor Gutter Popup Menu" />
      <path value="popup@BookmarkContextMenu" />
      <option name="myInitialPosition" value="-1" />
    </group>
    <group value="JsonCopyPointer" is_action="true" action_type="-1" position="4">
      <path value="root" />
      <path value="Editor Tab Popup Menu" />
      <option name="myInitialPosition" value="-1" />
    </group>
    <group value="CloseAllUnpinnedEditors" is_action="true" action_type="-1" position="4">
      <path value="root" />
      <path value="Editor Tab Popup Menu" />
      <path value="Editor Close Actions" />
      <option name="myInitialPosition" value="-1" />
    </group>
    <group value="CopyContentRootPath" is_action="true" action_type="-1" position="4">
      <path value="root" />
      <path value="Editor Tab Popup Menu" />
      <path value="Copy Path/Reference..." />
      <path value="CopyFileReference" />
      <option name="myInitialPosition" value="-1" />
    </group>
    <group value="AddToFavorites" is_group="true" action_type="-1" position="4">
      <path value="root" />
      <path value="Editor Tab Popup Menu" />
      <path value="Editor Tab Popup Menu Actions (1)" />
      <option name="myInitialPosition" value="-1" />
    </group>
    <group value="FileTemplateSeparatorGroup" is_group="true" action_type="-1" position="4">
      <path value="root" />
      <path value="Project View Popup Menu" />
      <path value="New" />
      <option name="myInitialPosition" value="-1" />
    </group>
    <group value="CopyAsRichText" is_action="true" action_type="-1" position="4">
      <path value="root" />
      <path value="Project View Popup Menu" />
      <path value="Cut/Copy/Paste Actions" />
      <option name="myInitialPosition" value="-1" />
    </group>
    <group value="CopyContentRootPath" is_action="true" action_type="-1" position="4">
      <path value="root" />
      <path value="Project View Popup Menu" />
      <path value="Cut/Copy/Paste Actions" />
      <path value="Copy Path/Reference..." />
      <path value="CopyFileReference" />
      <option name="myInitialPosition" value="-1" />
    </group>
    <group value="IntroduceActionsGroup" is_group="true" action_type="-1" position="4">
      <path value="root" />
      <path value="Project View Popup Menu" />
      <path value="Project View Popup Refactoring Group" />
      <path value="Refactor" />
      <option name="myInitialPosition" value="-1" />
    </group>
    <group value="Scratch.ChangeLanguage" is_action="true" action_type="-1" position="4">
      <path value="root" />
      <path value="Project View Popup Menu" />
      <path value="Project View Popup Menu Modify Group" />
      <option name="myInitialPosition" value="-1" />
    </group>
    <group value="MarkTemplateDirectory" is_action="true" action_type="-1" position="4">
      <path value="root" />
      <path value="Project View Popup Menu" />
      <path value="Project View Popup Menu Settings Group" />
      <path value="Mark Directory as" />
      <option name="myInitialPosition" value="-1" />
    </group>
    <group value="GoToMenu" is_group="true" action_type="-1" position="3">
      <path value="root" />
      <path value="Main Menu" />
      <option name="myInitialPosition" value="-1" />
    </group>
    <group value="FilePropertiesGroup" is_group="true" action_type="-1" position="3">
      <path value="root" />
      <path value="Main Menu" />
      <path value="File" />
      <option name="myInitialPosition" value="-1" />
    </group>
    <group value="AttachProject" is_action="true" action_type="-1" position="3">
      <path value="root" />
      <path value="Main Menu" />
      <path value="File" />
      <path value="File Open Actions" />
      <option name="myInitialPosition" value="-1" />
    </group>
    <group value="AssociateWithFileType" is_action="true" action_type="-1" position="3">
      <path value="root" />
      <path value="Main Menu" />
      <path value="File" />
      <path value="File Properties" />
      <option name="myInitialPosition" value="-1" />
    </group>
    <group value="FindPrevious" is_action="true" action_type="-1" position="3">
      <path value="root" />
      <path value="Main Menu" />
      <path value="Edit" />
      <path value="Find" />
      <option name="myInitialPosition" value="-1" />
    </group>
    <group seperator="true" action_type="-1" position="3">
      <path value="root" />
      <path value="Main Menu" />
      <path value="Edit" />
      <path value="Find Usages" />
      <option name="myInitialPosition" value="-1" />
    </group>
    <group value="FillParagraph" is_action="true" action_type="-1" position="3">
      <path value="root" />
      <path value="Main Menu" />
      <path value="Edit" />
      <path value="Edit Code Actions" />
      <option name="myInitialPosition" value="-1" />
    </group>
    <group value="CodeEditorBaseGroup" is_group="true" action_type="-1" position="3">
      <path value="root" />
      <path value="Main Menu" />
      <path value="View" />
      <option name="myInitialPosition" value="-1" />
    </group>
    <group value="ViewObsoleteToolbarAction" is_action="true" action_type="-1" position="3">
      <path value="root" />
      <path value="Main Menu" />
      <path value="View" />
      <path value="Appearance" />
      <path value="UIToggleActions" />
      <option name="myInitialPosition" value="-1" />
    </group>
    <group seperator="true" action_type="-1" position="3">
      <path value="root" />
      <path value="Main Menu" />
      <path value="Code" />
      <option name="myInitialPosition" value="-1" />
    </group>
    <group value="OptimizeImports" is_action="true" action_type="-1" position="3">
      <path value="root" />
      <path value="Main Menu" />
      <path value="Code" />
      <path value="Code Formatting Actions" />
      <option name="myInitialPosition" value="-1" />
    </group>
    <group value="Profiler" is_group="true" action_type="-1" position="3">
      <path value="root" />
      <path value="Main Menu" />
      <path value="Run" />
      <path value="Run/Debug" />
      <option name="myInitialPosition" value="-1" />
    </group>
    <group value="Profiler" is_group="true" action_type="-1" position="3">
      <path value="root" />
      <path value="Main Toolbar" />
      <path value="Toolbar Run Actions" />
      <path value="Run/Debug" />
      <option name="myInitialPosition" value="-1" />
    </group>
    <group value="PasteMultiple" is_action="true" action_type="-1" position="3">
      <path value="root" />
      <path value="Editor Popup Menu" />
      <path value="Copy / Paste Special" />
      <option name="myInitialPosition" value="-1" />
    </group>
    <group seperator="true" action_type="-1" position="3">
      <path value="root" />
      <path value="Editor Popup Menu" />
      <path value="Editor Popup Menu Actions (1)" />
      <path value="EditorPopupMenu1.FindRefactor" />
      <path value="Folding" />
      <option name="myInitialPosition" value="-1" />
    </group>
    <group value="GotoTypeDeclaration" is_action="true" action_type="-1" position="3">
      <path value="root" />
      <path value="Editor Popup Menu" />
      <path value="Editor Popup Menu Actions (2)" />
      <path value="Go To" />
      <option name="myInitialPosition" value="-1" />
    </group>
    <group value="ConfigureSoftWraps" is_action="true" action_type="-1" position="3">
      <path value="root" />
      <path value="Editor Gutter Popup Menu" />
      <option name="myInitialPosition" value="-1" />
    </group>
    <group value="DeleteMnemonicFromBookmark" is_action="true" action_type="-1" position="3">
      <path value="root" />
      <path value="Editor Gutter Popup Menu" />
      <path value="popup@BookmarkContextMenu" />
      <option name="myInitialPosition" value="-1" />
    </group>
    <group value="CopyReference" is_action="true" action_type="-1" position="3">
      <path value="root" />
      <path value="Editor Tab Popup Menu" />
      <option name="myInitialPosition" value="-1" />
    </group>
    <group value="CloseAllUnmodifiedEditors" is_action="true" action_type="-1" position="3">
      <path value="root" />
      <path value="Editor Tab Popup Menu" />
      <path value="Editor Close Actions" />
      <option name="myInitialPosition" value="-1" />
    </group>
    <group value="CopyReference" is_action="true" action_type="-1" position="3">
      <path value="root" />
      <path value="Editor Tab Popup Menu" />
      <path value="Copy Path/Reference..." />
      <option name="myInitialPosition" value="-1" />
    </group>
    <group value="CopyPathWithLineNumber" is_action="true" action_type="-1" position="3">
      <path value="root" />
      <path value="Editor Tab Popup Menu" />
      <path value="Copy Path/Reference..." />
      <path value="CopyFileReference" />
      <option name="myInitialPosition" value="-1" />
    </group>
    <group value="MarkFileAs" is_group="true" action_type="-1" position="3">
      <path value="root" />
      <path value="Editor Tab Popup Menu" />
      <path value="Editor Tab Popup Menu Actions (1)" />
      <option name="myInitialPosition" value="-1" />
    </group>
    <group value="NewPythonPackage" is_action="true" action_type="-1" position="3">
      <path value="root" />
      <path value="Project View Popup Menu" />
      <path value="New" />
      <option name="myInitialPosition" value="-1" />
    </group>
    <group value="CopyAsPlainText" is_action="true" action_type="-1" position="3">
      <path value="root" />
      <path value="Project View Popup Menu" />
      <path value="Cut/Copy/Paste Actions" />
      <option name="myInitialPosition" value="-1" />
    </group>
    <group value="CopyReference" is_action="true" action_type="-1" position="3">
      <path value="root" />
      <path value="Project View Popup Menu" />
      <path value="Cut/Copy/Paste Actions" />
      <path value="Copy Path/Reference..." />
      <option name="myInitialPosition" value="-1" />
    </group>
    <group value="CopyPathWithLineNumber" is_action="true" action_type="-1" position="3">
      <path value="root" />
      <path value="Project View Popup Menu" />
      <path value="Cut/Copy/Paste Actions" />
      <path value="Copy Path/Reference..." />
      <path value="CopyFileReference" />
      <option name="myInitialPosition" value="-1" />
    </group>
    <group seperator="true" action_type="-1" position="3">
      <path value="root" />
      <path value="Project View Popup Menu" />
      <path value="Project View Popup Refactoring Group" />
      <path value="Refactor" />
      <option name="myInitialPosition" value="-1" />
    </group>
    <group value="$Delete" is_action="true" action_type="-1" position="3">
      <path value="root" />
      <path value="Project View Popup Menu" />
      <path value="Project View Popup Menu Modify Group" />
      <option name="myInitialPosition" value="-1" />
    </group>
    <group value="MarkNamespacePackageDirectory" is_action="true" action_type="-1" position="3">
      <path value="root" />
      <path value="Project View Popup Menu" />
      <path value="Project View Popup Menu Settings Group" />
      <path value="Mark Directory as" />
      <option name="myInitialPosition" value="-1" />
    </group>
    <group value="MarkTestSourceRoot" is_action="true" action_type="-1" position="3">
      <path value="root" />
      <path value="Project View Popup Menu" />
      <path value="Project View Popup Menu Settings Group" />
      <path value="Mark Directory as" />
      <path value="PyCharm.MarkRootGroup" />
      <option name="myInitialPosition" value="-1" />
    </group>
    <group value="FileMainSettingsGroup" is_group="true" action_type="-1" position="2">
      <path value="root" />
      <path value="Main Menu" />
      <path value="File" />
      <option name="myInitialPosition" value="-1" />
    </group>
    <group value="ManageRecentProjects" is_action="true" action_type="-1" position="2">
      <path value="root" />
      <path value="Main Menu" />
      <path value="File" />
      <path value="File Open Actions" />
      <path value="Open Recent" />
      <option name="myInitialPosition" value="-1" />
    </group>
    <group value="AddBom.Group" is_group="true" action_type="-1" position="2">
      <path value="root" />
      <path value="Main Menu" />
      <path value="File" />
      <path value="File Properties" />
      <option name="myInitialPosition" value="-1" />
    </group>
    <group value="CopyPaths" is_action="true" action_type="-1" position="2">
      <path value="root" />
      <path value="Main Menu" />
      <path value="Edit" />
      <path value="Cut/Copy/Paste Actions" />
      <option name="myInitialPosition" value="-1" />
    </group>
    <group value="FindNext" is_action="true" action_type="-1" position="2">
      <path value="root" />
      <path value="Main Menu" />
      <path value="Edit" />
      <path value="Find" />
      <option name="myInitialPosition" value="-1" />
    </group>
    <group value="ShowUsages" is_action="true" action_type="-1" position="2">
      <path value="root" />
      <path value="Main Menu" />
      <path value="Edit" />
      <path value="Find Usages" />
      <option name="myInitialPosition" value="-1" />
    </group>
    <group value="EditSelectWordGroup" is_group="true" action_type="-1" position="2">
      <path value="root" />
      <path value="Main Menu" />
      <path value="Edit" />
      <path value="Editor Select Actions" />
      <option name="myInitialPosition" value="-1" />
    </group>
    <group value="EditorDuplicate" is_action="true" action_type="-1" position="2">
      <path value="root" />
      <path value="Main Menu" />
      <path value="Edit" />
      <path value="Edit Code Actions" />
      <option name="myInitialPosition" value="-1" />
    </group>
    <group value="QuickActions" is_group="true" action_type="-1" position="2">
      <path value="root" />
      <path value="Main Menu" />
      <path value="View" />
      <option name="myInitialPosition" value="-1" />
    </group>
    <group value="Generate" is_action="true" action_type="-1" position="2">
      <path value="root" />
      <path value="Main Menu" />
      <path value="Code" />
      <option name="myInitialPosition" value="-1" />
    </group>
    <group value="AutoIndentLines" is_action="true" action_type="-1" position="2">
      <path value="root" />
      <path value="Main Menu" />
      <path value="Code" />
      <path value="Code Formatting Actions" />
      <option name="myInitialPosition" value="-1" />
    </group>
    <group value="Coverage" is_action="true" action_type="-1" position="2">
      <path value="root" />
      <path value="Main Menu" />
      <path value="Run" />
      <path value="Run/Debug" />
      <option name="myInitialPosition" value="-1" />
    </group>
    <group value="Synchronize" is_action="true" action_type="-1" position="2">
      <path value="root" />
      <path value="Main Toolbar" />
      <option name="myInitialPosition" value="-1" />
    </group>
    <group value="Coverage" is_action="true" action_type="-1" position="2">
      <path value="root" />
      <path value="Main Toolbar" />
      <path value="Toolbar Run Actions" />
      <path value="Run/Debug" />
      <option name="myInitialPosition" value="-1" />
    </group>
    <group value="ExpandAllRegions" is_action="true" action_type="-1" position="2">
      <path value="root" />
      <path value="Editor Popup Menu" />
      <path value="Editor Popup Menu Actions (1)" />
      <path value="EditorPopupMenu1.FindRefactor" />
      <path value="Folding" />
      <option name="myInitialPosition" value="-1" />
    </group>
    <group value="Generate" is_action="true" action_type="-1" position="2">
      <path value="root" />
      <path value="Editor Popup Menu" />
      <path value="Editor Popup Menu Actions (2)" />
      <option name="myInitialPosition" value="-1" />
    </group>
    <group value="GotoImplementation" is_action="true" action_type="-1" position="2">
      <path value="root" />
      <path value="Editor Popup Menu" />
      <path value="Editor Popup Menu Actions (2)" />
      <path value="Go To" />
      <option name="myInitialPosition" value="-1" />
    </group>
    <group value="RevealGroup" is_group="true" action_type="-1" position="2">
      <path value="root" />
      <path value="Editor Popup Menu" />
      <path value="Editor Popup Menu Actions (2)" />
      <path value="Compile/Run Actions" />
      <path value="Run Configurations" />
      <option name="myInitialPosition" value="-1" />
    </group>
    <group value="EditorToggleUseSoftWraps" is_action="true" action_type="-1" position="2">
      <path value="root" />
      <path value="Editor Gutter Popup Menu" />
      <option name="myInitialPosition" value="-1" />
    </group>
    <group value="CopyPaths" is_action="true" action_type="-1" position="2">
      <path value="root" />
      <path value="Editor Tab Popup Menu" />
      <option name="myInitialPosition" value="-1" />
    </group>
    <group value="CopyExternalReferenceGroup" is_group="true" action_type="-1" position="2">
      <path value="root" />
      <path value="Editor Tab Popup Menu" />
      <path value="Copy Path/Reference..." />
      <option name="myInitialPosition" value="-1" />
    </group>
    <group seperator="true" action_type="-1" position="2">
      <path value="root" />
      <path value="Editor Tab Popup Menu" />
      <path value="Copy Path/Reference..." />
      <path value="CopyFileReference" />
      <option name="myInitialPosition" value="-1" />
    </group>
    <group value="AssociateWithFileType" is_action="true" action_type="-1" position="2">
      <path value="root" />
      <path value="Editor Tab Popup Menu" />
      <path value="Editor Tab Popup Menu Actions (1)" />
      <option name="myInitialPosition" value="-1" />
    </group>
    <group value="RevealGroup" is_group="true" action_type="-1" position="2">
      <path value="root" />
      <path value="Editor Tab Popup Menu" />
      <path value="Editor Tab Popup Menu Actions (1)" />
      <path value="Run Configurations" />
      <option name="myInitialPosition" value="-1" />
    </group>
    <group value="RestoreDefaultExtensionScripts" is_action="true" action_type="-1" position="2">
      <path value="root" />
      <path value="Project View Popup Menu" />
      <option name="myInitialPosition" value="-1" />
    </group>
    <group value="CopyPaths" is_action="true" action_type="-1" position="2">
      <path value="root" />
      <path value="Project View Popup Menu" />
      <path value="Cut/Copy/Paste Actions" />
      <option name="myInitialPosition" value="-1" />
    </group>
    <group value="CopyExternalReferenceGroup" is_group="true" action_type="-1" position="2">
      <path value="root" />
      <path value="Project View Popup Menu" />
      <path value="Cut/Copy/Paste Actions" />
      <path value="Copy Path/Reference..." />
      <option name="myInitialPosition" value="-1" />
    </group>
    <group seperator="true" action_type="-1" position="2">
      <path value="root" />
      <path value="Project View Popup Menu" />
      <path value="Cut/Copy/Paste Actions" />
      <path value="Copy Path/Reference..." />
      <path value="CopyFileReference" />
      <option name="myInitialPosition" value="-1" />
    </group>
    <group value="EditorPasteSimple" is_action="true" action_type="-1" position="2">
      <path value="root" />
      <path value="Project View Popup Menu" />
      <path value="Cut/Copy/Paste Actions" />
      <path value="Paste" />
      <option name="myInitialPosition" value="-1" />
    </group>
    <group value="ChangeSignature" is_action="true" action_type="-1" position="2">
      <path value="root" />
      <path value="Project View Popup Menu" />
      <path value="Project View Popup Refactoring Group" />
      <path value="Refactor" />
      <option name="myInitialPosition" value="-1" />
    </group>
    <group value="OptimizeImports" is_action="true" action_type="-1" position="2">
      <path value="root" />
      <path value="Project View Popup Menu" />
      <path value="Project View Popup Menu Modify Group" />
      <option name="myInitialPosition" value="-1" />
    </group>
    <group value="RevealGroup" is_group="true" action_type="-1" position="2">
      <path value="root" />
      <path value="Project View Popup Menu" />
      <path value="Project View Popup Menu Run Group" />
      <path value="Run Configurations" />
      <option name="myInitialPosition" value="-1" />
    </group>
    <group value="UnmarkResourceRoot" is_action="true" action_type="-1" position="2">
      <path value="root" />
      <path value="Project View Popup Menu" />
      <path value="Project View Popup Menu Settings Group" />
      <path value="Mark Directory as" />
      <option name="myInitialPosition" value="-1" />
    </group>
    <group value="MarkAsContentRoot" is_action="true" action_type="-1" position="2">
      <path value="root" />
      <path value="Project View Popup Menu" />
      <path value="Project View Popup Menu Settings Group" />
      <path value="Mark Directory as" />
      <path value="PyCharm.MarkRootGroup" />
      <option name="myInitialPosition" value="-1" />
    </group>
    <group seperator="true" action_type="-1" position="1">
      <path value="root" />
      <path value="Main Menu" />
      <path value="File" />
      <option name="myInitialPosition" value="-1" />
    </group>
    <group seperator="true" action_type="-1" position="1">
      <path value="root" />
      <path value="Main Menu" />
      <path value="File" />
      <path value="File Open Actions" />
      <path value="Open Recent" />
      <option name="myInitialPosition" value="-1" />
    </group>
    <group value="RemoveBom.Group" is_group="true" action_type="-1" position="1">
      <path value="root" />
      <path value="Main Menu" />
      <path value="File" />
      <path value="File Properties" />
      <option name="myInitialPosition" value="-1" />
    </group>
    <group value="PasteMultiple" is_action="true" action_type="-1" position="1">
      <path value="root" />
      <path value="Main Menu" />
      <path value="Edit" />
      <path value="Cut/Copy/Paste Actions" />
      <path value="Paste" />
      <option name="myInitialPosition" value="-1" />
    </group>
    <group value="ShowSettingsAndFindUsages" is_action="true" action_type="-1" position="1">
      <path value="root" />
      <path value="Main Menu" />
      <path value="Edit" />
      <path value="Find Usages" />
      <option name="myInitialPosition" value="-1" />
    </group>
    <group value="EditorAddCaretPerSelectedLine" is_action="true" action_type="-1" position="1">
      <path value="root" />
      <path value="Main Menu" />
      <path value="Edit" />
      <path value="Editor Select Actions" />
      <option name="myInitialPosition" value="-1" />
    </group>
    <group value="EditorJoinLines" is_action="true" action_type="-1" position="1">
      <path value="root" />
      <path value="Main Menu" />
      <path value="Edit" />
      <path value="Edit Code Actions" />
      <option name="myInitialPosition" value="-1" />
    </group>
    <group value="ConvertIndentsToTabs" is_action="true" action_type="-1" position="1">
      <path value="root" />
      <path value="Main Menu" />
      <path value="Edit" />
      <path value="Edit Code Actions" />
      <path value="Convert Indents" />
      <option name="myInitialPosition" value="-1" />
    </group>
    <group value="ViewMainMenu" is_action="true" action_type="-1" position="1">
      <path value="root" />
      <path value="Main Menu" />
      <path value="View" />
      <path value="Appearance" />
      <path value="UIToggleActions" />
      <option name="myInitialPosition" value="-1" />
    </group>
    <group value="ImplementMethods" is_action="true" action_type="-1" position="1">
      <path value="root" />
      <path value="Main Menu" />
      <path value="Code" />
      <option name="myInitialPosition" value="-1" />
    </group>
    <group value="ExpandRegionRecursively" is_action="true" action_type="-1" position="1">
      <path value="root" />
      <path value="Main Menu" />
      <path value="Code" />
      <path value="Folding" />
      <option name="myInitialPosition" value="-1" />
    </group>
    <group value="CommentByBlockComment" is_action="true" action_type="-1" position="1">
      <path value="root" />
      <path value="Main Menu" />
      <path value="Code" />
      <path value="Comment Actions" />
      <option name="myInitialPosition" value="-1" />
    </group>
    <group value="ShowReformatFileDialog" is_action="true" action_type="-1" position="1">
      <path value="root" />
      <path value="Main Menu" />
      <path value="Code" />
      <path value="Code Formatting Actions" />
      <option name="myInitialPosition" value="-1" />
    </group>
    <group value="ZoomCurrentWindow" is_action="true" action_type="-1" position="1">
      <path value="root" />
      <path value="Main Menu" />
      <path value="Window" />
      <option name="myInitialPosition" value="-1" />
    </group>
    <group value="ShowIntentionsGroup" is_group="true" action_type="-1" position="1">
      <path value="root" />
      <path value="Editor Popup Menu" />
      <option name="myInitialPosition" value="-1" />
    </group>
    <group value="CopyAsPlainText" is_action="true" action_type="-1" position="1">
      <path value="root" />
      <path value="Editor Popup Menu" />
      <path value="Copy / Paste Special" />
      <option name="myInitialPosition" value="-1" />
    </group>
    <group value="RefactoringMenu" is_group="true" action_type="-1" position="1">
      <path value="root" />
      <path value="Editor Popup Menu" />
      <path value="Editor Popup Menu Actions (1)" />
      <path value="EditorPopupMenu1.FindRefactor" />
      <option name="myInitialPosition" value="-1" />
    </group>
    <group value="ExpandRegionRecursively" is_action="true" action_type="-1" position="1">
      <path value="root" />
      <path value="Editor Popup Menu" />
      <path value="Editor Popup Menu Actions (1)" />
      <path value="EditorPopupMenu1.FindRefactor" />
      <path value="Folding" />
      <option name="myInitialPosition" value="-1" />
    </group>
    <group value="ValidateXml" is_action="true" action_type="-1" position="1">
      <path value="root" />
      <path value="Editor Popup Menu" />
      <path value="Editor Popup Menu Actions (2)" />
      <path value="Compile/Run Actions" />
      <option name="myInitialPosition" value="-1" />
    </group>
    <group value="OpenInRightSplit" is_action="true" action_type="-1" position="1">
      <path value="root" />
      <path value="Editor Popup Menu" />
      <path value="Editor Popup Menu Actions (2)" />
      <path value="Compile/Run Actions" />
      <path value="Run Configurations" />
      <option name="myInitialPosition" value="-1" />
    </group>
    <group seperator="true" action_type="-1" position="1">
      <path value="root" />
      <path value="Editor Popup Menu" />
      <path value="Editor Popup Menu Actions (2)" />
      <path value="Compile/Run Actions" />
      <path value="Run Configurations" />
      <path value="RunContextGroup" />
      <option name="myInitialPosition" value="-1" />
    </group>
    <group value="DefaultProfilerExecutorGroupContextActionId" is_group="true" action_type="-1" position="1">
      <path value="root" />
      <path value="Editor Popup Menu" />
      <path value="Editor Popup Menu Actions (2)" />
      <path value="Compile/Run Actions" />
      <path value="Run Configurations" />
      <path value="RunContextGroup" />
      <path value="RunContextGroupInner" />
      <path value="More Run/Debug" />
      <option name="myInitialPosition" value="-1" />
    </group>
    <group seperator="true" action_type="-1" position="1">
      <path value="root" />
      <path value="Editor Tab Popup Menu" />
      <path value="Copy Path/Reference..." />
      <option name="myInitialPosition" value="-1" />
    </group>
    <group value="Scratch.ChangeLanguage" is_action="true" action_type="-1" position="1">
      <path value="root" />
      <path value="Editor Tab Popup Menu" />
      <path value="Editor Tab Popup Menu Actions (1)" />
      <option name="myInitialPosition" value="-1" />
    </group>
    <group value="OpenInRightSplit" is_action="true" action_type="-1" position="1">
      <path value="root" />
      <path value="Editor Tab Popup Menu" />
      <path value="Editor Tab Popup Menu Actions (1)" />
      <path value="Run Configurations" />
      <option name="myInitialPosition" value="-1" />
    </group>
    <group seperator="true" action_type="-1" position="1">
      <path value="root" />
      <path value="Editor Tab Popup Menu" />
      <path value="Editor Tab Popup Menu Actions (1)" />
      <path value="Run Configurations" />
      <path value="RunContextGroup" />
      <option name="myInitialPosition" value="-1" />
    </group>
    <group value="DefaultProfilerExecutorGroupContextActionId" is_group="true" action_type="-1" position="1">
      <path value="root" />
      <path value="Editor Tab Popup Menu" />
      <path value="Editor Tab Popup Menu Actions (1)" />
      <path value="Run Configurations" />
      <path value="RunContextGroup" />
      <path value="RunContextGroupInner" />
      <path value="More Run/Debug" />
      <option name="myInitialPosition" value="-1" />
    </group>
    <group value="AssociateWithFileType" is_action="true" action_type="-1" position="1">
      <path value="root" />
      <path value="Project View Popup Menu" />
      <option name="myInitialPosition" value="-1" />
    </group>
    <group value="NewScratchFile" is_action="true" action_type="-1" position="1">
      <path value="root" />
      <path value="Project View Popup Menu" />
      <path value="New" />
      <option name="myInitialPosition" value="-1" />
    </group>
    <group seperator="true" action_type="-1" position="1">
      <path value="root" />
      <path value="Project View Popup Menu" />
      <path value="Cut/Copy/Paste Actions" />
      <path value="Copy Path/Reference..." />
      <option name="myInitialPosition" value="-1" />
    </group>
    <group value="PasteMultiple" is_action="true" action_type="-1" position="1">
      <path value="root" />
      <path value="Project View Popup Menu" />
      <path value="Cut/Copy/Paste Actions" />
      <path value="Paste" />
      <option name="myInitialPosition" value="-1" />
    </group>
    <group value="ValidateXml" is_action="true" action_type="-1" position="1">
      <path value="root" />
      <path value="Project View Popup Menu" />
      <path value="Project View Popup Refactoring Group" />
      <option name="myInitialPosition" value="-1" />
    </group>
    <group value="OpenInRightSplit" is_action="true" action_type="-1" position="1">
      <path value="root" />
      <path value="Project View Popup Menu" />
      <path value="Project View Popup Menu Run Group" />
      <path value="Run Configurations" />
      <option name="myInitialPosition" value="-1" />
    </group>
    <group value="DefaultProfilerExecutorGroupContextActionId" is_group="true" action_type="-1" position="1">
      <path value="root" />
      <path value="Project View Popup Menu" />
      <path value="Project View Popup Menu Run Group" />
      <path value="Run Configurations" />
      <path value="RunContextGroup" />
      <path value="RunContextGroupInner" />
      <path value="More Run/Debug" />
      <option name="myInitialPosition" value="-1" />
    </group>
    <group value="PublishGroupPopupMenu" is_group="true" action_type="-1" position="1">
      <path value="root" />
      <path value="Project View Popup Menu" />
      <path value="Project View Popup Menu Settings Group" />
      <option name="myInitialPosition" value="-1" />
    </group>
    <group value="PyMarkResourceRoot" is_action="true" action_type="-1" position="1">
      <path value="root" />
      <path value="Project View Popup Menu" />
      <path value="Project View Popup Menu Settings Group" />
      <path value="Mark Directory as" />
      <option name="myInitialPosition" value="-1" />
    </group>
    <group value="MarkExcludeRoot" is_action="true" action_type="-1" position="1">
      <path value="root" />
      <path value="Project View Popup Menu" />
      <path value="Project View Popup Menu Settings Group" />
      <path value="Mark Directory as" />
      <path value="PyCharm.MarkRootGroup" />
      <option name="myInitialPosition" value="-1" />
    </group>
    <group value="EditorToggleCase" is_action="true" action_type="-1" position="0">
      <path value="root" />
      <path value="Main Menu" />
      <path value="Edit" />
      <path value="Edit Code Actions" />
      <option name="myInitialPosition" value="-1" />
    </group>
    <group value="OverrideMethods" is_action="true" action_type="-1" position="0">
      <path value="root" />
      <path value="Main Menu" />
      <path value="Code" />
      <option name="myInitialPosition" value="-1" />
    </group>
    <group value="MinimizeCurrentWindow" is_action="true" action_type="-1" position="0">
      <path value="root" />
      <path value="Main Menu" />
      <path value="Window" />
      <option name="myInitialPosition" value="-1" />
    </group>
    <group value="CopyReference" is_action="true" action_type="-1" position="0">
      <path value="root" />
      <path value="Editor Popup Menu" />
      <path value="Copy / Paste Special" />
      <option name="myInitialPosition" value="-1" />
    </group>
    <group value="ShowNavBar" is_action="true" action_type="-1" position="0">
      <path value="root" />
      <path value="Editor Popup Menu" />
      <path value="Editor Popup Menu Actions (2)" />
      <path value="Go To" />
      <option name="myInitialPosition" value="-1" />
    </group>
    <group value="RunCoverage" is_group="true" action_type="-1" position="0">
      <path value="root" />
      <path value="Editor Popup Menu" />
      <path value="Editor Popup Menu Actions (2)" />
      <path value="Compile/Run Actions" />
      <path value="Run Configurations" />
      <path value="RunContextGroup" />
      <path value="RunContextGroupInner" />
      <path value="More Run/Debug" />
      <option name="myInitialPosition" value="-1" />
    </group>
    <group value="EditorGutterVcsPopupMenu" is_group="true" action_type="-1" position="0">
      <path value="root" />
      <path value="Editor Gutter Popup Menu" />
      <option name="myInitialPosition" value="-1" />
    </group>
    <group value="AddAnotherBookmark" is_action="true" action_type="-1" position="0">
      <path value="root" />
      <path value="Editor Gutter Popup Menu" />
      <path value="popup@BookmarkContextMenu" />
      <option name="myInitialPosition" value="-1" />
    </group>
    <group seperator="true" action_type="-1" position="0">
      <path value="root" />
      <path value="Editor Tab Popup Menu" />
      <path value="Editor Tab Popup Menu Actions (1)" />
      <option name="myInitialPosition" value="-1" />
    </group>
    <group value="RunCoverage" is_group="true" action_type="-1" position="0">
      <path value="root" />
      <path value="Editor Tab Popup Menu" />
      <path value="Editor Tab Popup Menu Actions (1)" />
      <path value="Run Configurations" />
      <path value="RunContextGroup" />
      <path value="RunContextGroupInner" />
      <path value="More Run/Debug" />
      <option name="myInitialPosition" value="-1" />
    </group>
    <group value="Refactorings.QuickListPopupAction" is_action="true" action_type="-1" position="0">
      <path value="root" />
      <path value="Project View Popup Menu" />
      <path value="Project View Popup Refactoring Group" />
      <path value="Refactor" />
      <option name="myInitialPosition" value="-1" />
    </group>
    <group value="TypeHierarchy" is_action="true" action_type="-1" position="0">
      <path value="root" />
      <path value="Project View Popup Menu" />
      <path value="Project View Popup Menu Modify Group" />
      <option name="myInitialPosition" value="-1" />
    </group>
    <group value="CompuleQrc" is_action="true" action_type="-1" position="0">
      <path value="root" />
      <path value="Project View Popup Menu" />
      <path value="Project View Popup Menu Run Group" />
      <option name="myInitialPosition" value="-1" />
    </group>
    <group value="RunCoverage" is_group="true" action_type="-1" position="0">
      <path value="root" />
      <path value="Project View Popup Menu" />
      <path value="Project View Popup Menu Run Group" />
      <path value="Run Configurations" />
      <path value="RunContextGroup" />
      <path value="RunContextGroupInner" />
      <path value="More Run/Debug" />
      <option name="myInitialPosition" value="-1" />
    </group>
    <group value="RenameElement" is_action="true" action_type="1" position="1">
      <path value="root" />
      <path value="Editor Popup Menu" />
      <path value="Editor Popup Menu Actions (1)" />
      <path value="EditorPopupMenu1.FindRefactor" />
      <option name="myInitialPosition" value="-1" />
    </group>
    <group value="ReformatCode" is_action="true" action_type="1" position="1">
      <path value="root" />
      <path value="Editor Tab Popup Menu" />
      <path value="Editor Tab Popup Menu Actions (1)" />
      <option name="myInitialPosition" value="-1" />
    </group>
    <group value="ReformatCode" is_action="true" action_type="1" position="2">
      <path value="root" />
      <path value="Editor Popup Menu" />
      <path value="Editor Popup Menu Actions (1)" />
      <path value="EditorPopupMenu1.FindRefactor" />
      <option name="myInitialPosition" value="-1" />
    </group>
    <group value="FileMainSettingsGroup" is_group="true" action_type="1" position="3">
      <path value="root" />
      <path value="Main Menu" />
      <path value="File" />
      <option name="myInitialPosition" value="-1" />
    </group>
    <group value="OpenInRightSplit" is_action="true" action_type="1" position="3">
      <path value="root" />
      <path value="Main Menu" />
      <path value="View" />
      <option name="myInitialPosition" value="-1" />
    </group>
    <group value="newConfigurationRunCoverage" is_group="true" action_type="1" position="4">
      <path value="root" />
      <path value="Editor Popup Menu" />
      <path value="Editor Popup Menu Actions (2)" />
      <path value="Compile/Run Actions" />
      <path value="Run Configurations" />
      <path value="RunContextGroup" />
      <path value="RunContextGroupInner" />
      <path value="More Run/Debug" />
      <option name="myInitialPosition" value="-1" />
    </group>
    <group value="ReopenClosedTab" is_action="true" action_type="1" position="4">
      <path value="root" />
      <path value="Editor Tab Popup Menu" />
      <option name="myInitialPosition" value="-1" />
    </group>
    <group value="newConfigurationRunCoverage" is_group="true" action_type="1" position="4">
      <path value="root" />
      <path value="Editor Tab Popup Menu" />
      <path value="Editor Tab Popup Menu Actions (1)" />
      <path value="Run Configurations" />
      <path value="RunContextGroup" />
      <path value="RunContextGroupInner" />
      <path value="More Run/Debug" />
      <option name="myInitialPosition" value="-1" />
    </group>
    <group value="newConfigurationRunCoverage" is_group="true" action_type="1" position="4">
      <path value="root" />
      <path value="Project View Popup Menu" />
      <path value="Project View Popup Menu Run Group" />
      <path value="Run Configurations" />
      <path value="RunContextGroup" />
      <path value="RunContextGroupInner" />
      <path value="More Run/Debug" />
      <option name="myInitialPosition" value="-1" />
    </group>
    <group value="FilePropertiesGroup" is_group="true" action_type="1" position="5">
      <path value="root" />
      <path value="Main Menu" />
      <path value="File" />
      <option name="myInitialPosition" value="-1" />
    </group>
    <group value="EditSource" is_action="true" action_type="1" position="5">
      <path value="root" />
      <path value="Main Menu" />
      <path value="View" />
      <option name="myInitialPosition" value="-1" />
    </group>
    <group value="RenameElement" is_action="true" action_type="1" position="5">
      <path value="root" />
      <path value="Main Menu" />
      <path value="Code" />
      <option name="myInitialPosition" value="-1" />
    </group>
    <group value="EditorTabPopupMenuEx" is_group="true" action_type="1" position="5">
      <path value="root" />
      <path value="Editor Tab Popup Menu" />
      <option name="myInitialPosition" value="-1" />
    </group>
    <group value="GotoDeclaration" is_action="true" action_type="1" position="6">
      <path value="root" />
      <path value="Main Menu" />
      <path value="View" />
      <option name="myInitialPosition" value="-1" />
    </group>
    <group seperator="true" action_type="1" position="6">
      <path value="root" />
      <path value="Main Menu" />
      <path value="Run" />
      <option name="myInitialPosition" value="-1" />
    </group>
    <group value="Back" is_action="true" action_type="1" position="7">
      <path value="root" />
      <path value="Main Menu" />
      <path value="View" />
      <option name="myInitialPosition" value="-1" />
    </group>
    <group value="com.jetbrains.python.console.RunPythonOrDebugConsoleAction" is_action="true" action_type="1" position="7">
      <path value="root" />
      <path value="Main Menu" />
      <path value="Run" />
      <option name="myInitialPosition" value="-1" />
    </group>
    <group value="SearchEverywhere" is_action="true" action_type="1" position="8">
      <path value="root" />
      <path value="Main Menu" />
      <path value="Edit" />
      <option name="myInitialPosition" value="-1" />
    </group>
    <group value="Forward" is_action="true" action_type="1" position="8">
      <path value="root" />
      <path value="Main Menu" />
      <path value="View" />
      <option name="myInitialPosition" value="-1" />
    </group>
    <action id="Back" />
    <action id="Forward" />
  </component>
</application>