"","Date reported to Alberta Health","Number of lab tests","Cumulative number of lab tests","Number of cases","Cumulative number of cases","Currently hospitalized","Currently in ICU","count_hosp_covid_related","count_icu_covid_related","Cumulative number of deaths","Number of deaths","Number of variants of concern","Percent positivity"
"1",2020-03-06,60,511,0,0,0,0,NA,NA,0,0,0,5
"2",2020-03-07,281,792,1,2,0,0,NA,NA,0,0,0,0
"3",2020-03-08,454,1246,1,3,0,0,NA,NA,0,0,0,0
"4",2020-03-09,643,1889,4,7,1,0,NA,NA,0,0,0,1.71
"5",2020-03-10,784,2673,9,16,1,0,NA,NA,0,0,0,1.91
"6",2020-03-11,1334,4007,7,23,1,0,NA,NA,0,0,0,0.6
"7",2020-03-12,1147,5154,3,26,2,1,NA,NA,0,0,0,0.26
"8",2020-03-13,1587,6741,8,34,5,2,NA,NA,0,0,0,1.2
"9",2020-03-14,1555,8296,22,56,5,2,NA,NA,0,0,0,1.93
"10",2020-03-15,1834,10130,11,67,5,2,NA,NA,0,0,0,0.87
"11",2020-03-16,1485,11615,24,91,6,2,NA,NA,0,0,0,2.63
"12",2020-03-17,2083,13698,11,102,7,3,NA,NA,0,0,0,0.48
"13",2020-03-18,2878,16576,29,131,12,3,NA,NA,1,1,0,1.88
"14",2020-03-19,2869,19445,32,163,15,8,NA,NA,1,0,0,1.67
"15",2020-03-20,3593,23038,46,209,16,9,NA,NA,1,0,0,1.64
"16",2020-03-21,3507,26545,35,244,19,10,NA,NA,1,0,0,1.17
"17",2020-03-22,2854,29399,47,291,20,10,NA,NA,1,0,0,1.26
"18",2020-03-23,2728,32127,53,344,22,10,NA,NA,1,0,0,1.65
"19",2020-03-24,3143,35270,68,412,29,11,NA,NA,1,0,0,1.81
"20",2020-03-25,1645,36915,63,475,33,11,NA,NA,1,0,0,3.65
"21",2020-03-26,1316,38231,51,526,34,11,NA,NA,1,0,0,2.74
"22",2020-03-27,3697,41928,85,611,35,13,NA,NA,1,0,0,2.41
"23",2020-03-28,2145,44073,54,665,38,14,NA,NA,1,0,0,2
"24",2020-03-29,1929,46002,34,699,40,15,NA,NA,5,4,0,0.98
"25",2020-03-30,2549,48551,40,739,42,17,NA,NA,10,5,0,1.18
"26",2020-03-31,4770,53321,132,871,42,18,NA,NA,11,1,0,2.56
"27",2020-04-01,3610,56931,108,979,41,20,NA,NA,12,1,0,2.3
"28",2020-04-02,4009,60940,122,1101,43,20,NA,NA,15,3,0,2.34
"29",2020-04-03,1723,62663,70,1171,45,19,NA,NA,18,3,0,2.44
"30",2020-04-04,1807,64470,60,1231,47,20,NA,NA,23,5,0,2.6
"31",2020-04-05,1185,65655,42,1273,44,20,NA,NA,25,2,0,3.21
"32",2020-04-06,941,66596,33,1306,45,18,NA,NA,28,3,0,2.66
"33",2020-04-07,1705,68301,53,1359,46,16,NA,NA,28,0,0,2.29
"34",2020-04-08,1288,69589,33,1392,49,16,NA,NA,32,4,0,2.17
"35",2020-04-09,2291,71880,45,1437,50,15,NA,NA,36,4,0,1.48
"36",2020-04-10,2851,74731,49,1486,52,15,NA,NA,40,4,0,1.4
"37",2020-04-11,2240,76971,65,1551,52,15,NA,NA,45,5,0,2.14
"38",2020-04-12,2305,79276,68,1619,50,15,NA,NA,45,0,0,2.52
"39",2020-04-13,2136,81412,68,1687,49,14,NA,NA,48,3,0,2.76
"40",2020-04-14,2572,83984,126,1813,48,15,NA,NA,48,0,0,4.67
"41",2020-04-15,3092,87076,133,1946,55,12,NA,NA,50,2,0,3.85
"42",2020-04-16,3099,90175,146,2092,58,13,NA,NA,50,0,0,4.94
"43",2020-04-17,5238,95413,213,2305,63,14,NA,NA,54,4,0,4.01
"44",2020-04-18,3800,99213,187,2492,56,16,NA,NA,57,3,0,4.79
"45",2020-04-19,4370,103583,201,2693,62,19,NA,NA,62,5,0,4.51
"46",2020-04-20,4009,107592,183,2876,62,18,NA,NA,66,4,0,4.71
"47",2020-04-21,4313,111905,264,3140,61,20,NA,NA,72,6,0,5.91
"48",2020-04-22,4057,115962,294,3434,64,19,NA,NA,75,3,0,7.2
"49",2020-04-23,4471,120433,340,3774,65,18,NA,NA,80,5,0,7.67
"50",2020-04-24,4531,124964,232,4006,70,21,NA,NA,80,0,0,5.16
"51",2020-04-25,4664,129628,222,4228,70,19,NA,NA,84,4,0,4.97
"52",2020-04-26,4301,133929,203,4431,75,21,NA,NA,88,4,0,4.49
"53",2020-04-27,3444,137373,178,4609,77,20,NA,NA,90,2,0,5.14
"54",2020-04-28,4362,141735,248,4857,79,23,NA,NA,94,4,0,5.89
"55",2020-04-29,5077,146812,231,5088,86,22,NA,NA,96,2,0,4.53
"56",2020-04-30,5035,151847,222,5310,89,22,NA,NA,100,4,0,4.37
"57",2020-05-01,2847,154694,141,5451,82,23,NA,NA,102,2,0,4.25
"58",2020-05-02,4970,159664,112,5563,83,19,NA,NA,104,2,0,2.25
"59",2020-05-03,3244,162908,70,5633,83,21,NA,NA,106,2,0,2.37
"60",2020-05-04,2557,165465,78,5711,82,21,NA,NA,107,1,0,2.89
"61",2020-05-05,3032,168497,62,5773,84,20,NA,NA,111,4,0,2.01
"62",2020-05-06,2882,171379,65,5838,79,19,NA,NA,112,1,0,2.22
"63",2020-05-07,4135,175514,87,5925,78,18,NA,NA,115,3,0,2.18
"64",2020-05-08,3781,179295,77,6002,73,16,NA,NA,115,0,0,2.17
"65",2020-05-09,4214,183509,85,6087,64,14,NA,NA,117,2,0,1.97
"66",2020-05-10,3260,186769,71,6158,65,12,NA,NA,118,1,0,2.18
"67",2020-05-11,2793,189562,47,6205,64,11,NA,NA,121,3,0,1.75
"68",2020-05-12,3756,193318,70,6275,65,11,NA,NA,124,3,0,1.86
"69",2020-05-13,4409,197727,62,6337,61,9,NA,NA,124,0,0,1.47
"70",2020-05-14,4767,202494,61,6398,57,9,NA,NA,125,1,0,1.26
"71",2020-05-15,4700,207194,73,6471,52,9,NA,NA,126,1,0,1.57
"72",2020-05-16,3986,211180,54,6525,50,8,NA,NA,128,2,0,1.4
"73",2020-05-17,3189,214369,46,6571,50,9,NA,NA,129,1,0,1.57
"74",2020-05-18,3230,217599,38,6609,50,9,NA,NA,131,2,0,1.24
"75",2020-05-19,2503,220102,43,6652,45,8,NA,NA,132,1,0,1.8
"76",2020-05-20,3277,223379,27,6679,44,7,NA,NA,136,4,0,0.92
"77",2020-05-21,3722,227101,30,6709,42,6,NA,NA,138,2,0,0.83
"78",2020-05-22,3823,230924,27,6736,39,6,NA,NA,138,0,0,0.86
"79",2020-05-23,3861,234785,32,6768,35,7,NA,NA,139,1,0,0.83
"80",2020-05-24,3234,238019,29,6797,33,6,NA,NA,139,0,0,0.87
"81",2020-05-25,2958,240977,13,6810,33,5,NA,NA,141,2,0,0.44
"82",2020-05-26,3056,244033,19,6829,33,5,NA,NA,143,2,0,0.65
"83",2020-05-27,3603,247636,27,6856,31,4,NA,NA,143,0,0,0.78
"84",2020-05-28,3903,251539,28,6884,32,4,NA,NA,143,0,0,0.74
"85",2020-05-29,3862,255401,30,6914,33,5,NA,NA,144,1,0,0.78
"86",2020-05-30,3364,258765,20,6934,27,6,NA,NA,144,0,0,0.62
"87",2020-05-31,3133,261898,34,6968,24,6,NA,NA,144,0,0,1.09
"88",2020-06-01,2734,264632,21,6989,24,6,NA,NA,145,1,0,0.77
"89",2020-06-02,4055,268687,19,7008,25,6,NA,NA,146,1,0,0.62
"90",2020-06-03,4781,273468,18,7026,20,6,NA,NA,147,1,0,0.38
"91",2020-06-04,5416,278884,19,7045,18,5,NA,NA,147,0,0,0.39
"92",2020-06-05,5604,284488,37,7082,18,5,NA,NA,148,1,0,0.75
"93",2020-06-06,5870,290358,23,7105,18,5,NA,NA,150,2,0,0.44
"94",2020-06-07,5490,295848,33,7138,20,5,NA,NA,150,0,0,0.62
"95",2020-06-08,4976,300824,24,7162,19,5,NA,NA,151,1,0,0.52
"96",2020-06-09,5923,306747,38,7200,16,5,NA,NA,151,0,0,0.69
"97",2020-06-10,6850,313597,48,7248,16,4,NA,NA,151,0,0,0.73
"98",2020-06-11,8477,322074,43,7291,16,4,NA,NA,151,0,0,0.51
"99",2020-06-12,6183,328257,27,7318,20,5,NA,NA,151,0,0,0.44
"100",2020-06-13,7665,335922,35,7353,18,5,NA,NA,151,0,0,0.52
"101",2020-06-14,7459,343381,53,7406,20,6,NA,NA,151,0,0,0.76
"102",2020-06-15,6366,349747,36,7442,25,6,NA,NA,151,0,0,0.58
"103",2020-06-16,6970,356717,45,7487,27,7,NA,NA,151,0,0,0.67
"104",2020-06-17,7821,364538,46,7533,28,7,NA,NA,152,1,0,0.64
"105",2020-06-18,9100,373638,46,7579,30,6,NA,NA,152,0,0,0.57
"106",2020-06-19,7399,381037,47,7626,30,6,NA,NA,152,0,0,0.65
"107",2020-06-20,8324,389361,30,7656,27,7,NA,NA,152,0,0,0.38
"108",2020-06-21,6895,396256,33,7689,28,6,NA,NA,153,1,0,0.51
"109",2020-06-22,6542,402798,41,7730,26,6,NA,NA,153,0,0,0.61
"110",2020-06-23,6518,409316,45,7775,28,7,NA,NA,153,0,0,0.81
"111",2020-06-24,6367,415683,25,7800,27,8,NA,NA,153,0,0,0.47
"112",2020-06-25,6634,422317,36,7836,30,8,NA,NA,154,1,0,0.57
"113",2020-06-26,6396,428713,66,7902,32,8,NA,NA,154,0,0,1.13
"114",2020-06-27,6509,435222,37,7939,32,8,NA,NA,154,0,0,0.61
"115",2020-06-28,6997,442219,68,8007,32,9,NA,NA,154,0,0,1.03
"116",2020-06-29,7199,449418,44,8051,32,9,NA,NA,154,0,0,0.64
"117",2020-06-30,6952,456370,33,8084,32,8,NA,NA,155,1,0,0.62
"118",2020-07-01,7675,464045,64,8148,30,8,NA,NA,155,0,0,0.86
"119",2020-07-02,6739,470784,55,8203,33,9,NA,NA,155,0,0,0.91
"120",2020-07-03,5960,476744,30,8233,38,8,NA,NA,155,0,0,0.55
"121",2020-07-04,5545,482289,48,8281,46,7,NA,NA,156,1,0,0.92
"122",2020-07-05,5602,487891,48,8329,46,6,NA,NA,156,0,0,1.09
"123",2020-07-06,6014,493905,49,8378,47,6,NA,NA,156,0,0,0.78
"124",2020-07-07,6268,500173,44,8422,47,7,NA,NA,158,2,0,0.78
"125",2020-07-08,6970,507143,43,8465,41,7,NA,NA,159,1,0,0.66
"126",2020-07-09,7804,514947,74,8539,41,9,NA,NA,162,3,0,0.96
"127",2020-07-10,7528,522475,62,8601,43,8,NA,NA,162,0,0,0.85
"128",2020-07-11,10003,532478,90,8691,44,11,NA,NA,162,0,0,1.01
"129",2020-07-12,7595,540073,78,8769,46,13,NA,NA,162,0,0,1.12
"130",2020-07-13,5809,545882,87,8856,56,13,NA,NA,163,1,0,1.62
"131",2020-07-14,6386,552268,85,8941,61,7,NA,NA,166,3,0,1.44
"132",2020-07-15,8225,560493,115,9056,64,8,NA,NA,166,0,0,1.62
"133",2020-07-16,6484,566977,103,9159,68,15,NA,NA,167,1,0,1.73
"134",2020-07-17,9719,576696,168,9327,75,16,NA,NA,167,0,0,1.89
"135",2020-07-18,6857,583553,102,9429,75,15,NA,NA,170,3,0,1.63
"136",2020-07-19,6961,590514,88,9517,76,17,NA,NA,171,1,0,1.39
"137",2020-07-20,7817,598331,131,9648,85,16,NA,NA,173,2,0,1.69
"138",2020-07-21,8156,606487,136,9784,92,18,NA,NA,175,2,0,1.77
"139",2020-07-22,8230,614717,113,9897,94,21,NA,NA,177,2,1,1.37
"140",2020-07-23,8741,623458,116,10013,90,21,NA,NA,179,2,0,1.4
"141",2020-07-24,10589,634047,117,10130,88,16,NA,NA,182,3,0,1.18
"142",2020-07-25,9855,643902,98,10228,78,16,NA,NA,184,2,0,1.07
"143",2020-07-26,7443,651345,89,10317,79,17,NA,NA,187,3,0,1.36
"144",2020-07-27,7910,659255,81,10398,79,15,NA,NA,190,3,0,1.13
"145",2020-07-28,8989,668244,131,10529,76,16,NA,NA,194,4,0,1.57
"146",2020-07-29,8674,676918,118,10647,77,17,NA,NA,195,1,0,1.43
"147",2020-07-30,8394,685312,124,10771,75,16,NA,NA,196,1,0,1.57
"148",2020-07-31,11514,696826,99,10870,75,17,NA,NA,200,4,0,1.01
"149",2020-08-01,9148,705974,67,10937,71,18,NA,NA,200,0,0,0.75
"150",2020-08-02,6934,712908,73,11010,72,17,NA,NA,200,0,0,1.1
"151",2020-08-03,7246,720154,64,11074,72,22,NA,NA,203,3,0,1.02
"152",2020-08-04,7203,727357,94,11168,65,21,NA,NA,204,1,0,1.36
"153",2020-08-05,7991,735348,61,11229,62,19,NA,NA,207,3,0,0.76
"154",2020-08-06,8561,743909,128,11357,55,18,NA,NA,209,2,0,1.55
"155",2020-08-07,8780,752689,111,11468,54,17,NA,NA,209,0,0,1.34
"156",2020-08-08,10167,762856,97,11565,54,18,NA,NA,214,5,0,0.97
"157",2020-08-09,7414,770270,45,11610,51,15,NA,NA,216,2,0,0.63
"158",2020-08-10,7061,777331,86,11696,49,15,NA,NA,218,2,0,1.39
"159",2020-08-11,8078,785409,116,11812,47,14,NA,NA,220,2,0,1.57
"160",2020-08-12,7752,793161,72,11884,49,13,NA,NA,222,2,0,1.02
"161",2020-08-13,8210,801371,81,11965,48,13,NA,NA,222,0,0,1.12
"162",2020-08-14,10890,812261,104,12069,46,13,NA,NA,222,0,0,0.99
"163",2020-08-15,8658,820919,83,12152,48,13,NA,NA,225,3,0,0.95
"164",2020-08-16,8693,829612,95,12247,50,11,NA,NA,226,1,0,1.13
"165",2020-08-17,8034,837646,85,12332,53,14,NA,NA,227,1,0,1.19
"166",2020-08-18,9037,846683,81,12413,52,15,NA,NA,228,1,0,1.01
"167",2020-08-19,9294,855977,101,12514,50,15,NA,NA,229,1,0,1.25
"168",2020-08-20,9870,865847,140,12654,44,12,NA,NA,229,0,0,1.45
"169",2020-08-21,10176,876023,88,12742,48,12,NA,NA,231,2,0,0.9
"170",2020-08-22,10096,886119,103,12845,47,10,NA,NA,232,1,0,1.05
"171",2020-08-23,8498,894617,70,12915,48,10,NA,NA,236,4,0,0.87
"172",2020-08-24,8446,903063,73,12988,48,8,NA,NA,236,0,0,0.96
"173",2020-08-25,9248,912311,125,13113,51,8,NA,NA,236,0,0,1.44
"174",2020-08-26,10103,922414,104,13217,53,8,NA,NA,237,1,0,1.17
"175",2020-08-27,10997,933411,153,13370,51,8,NA,NA,237,0,0,1.42
"176",2020-08-28,10222,943633,142,13512,47,9,NA,NA,237,0,0,1.44
"177",2020-08-29,11224,954857,181,13693,44,9,NA,NA,237,0,0,1.75
"178",2020-08-30,12265,967122,109,13802,49,11,NA,NA,238,1,0,1.02
"179",2020-08-31,9342,976464,152,13954,52,11,NA,NA,239,1,0,1.69
"180",2020-09-01,8305,984769,109,14063,53,10,NA,NA,240,1,0,1.38
"181",2020-09-02,9557,994326,132,14195,50,10,NA,NA,240,0,0,1.44
"182",2020-09-03,10721,1005047,157,14352,52,11,NA,NA,241,1,0,1.5
"183",2020-09-04,11395,1016442,169,14521,52,13,NA,NA,242,1,0,1.61
"184",2020-09-05,11374,1027816,168,14689,51,13,NA,NA,244,2,0,1.58
"185",2020-09-06,12100,1039916,134,14823,49,11,NA,NA,245,1,0,1.19
"186",2020-09-07,12570,1052486,147,14970,48,10,NA,NA,249,4,0,1.26
"187",2020-09-08,10507,1062993,97,15067,49,7,NA,NA,250,1,0,1
"188",2020-09-09,9716,1072709,113,15180,44,7,NA,NA,250,0,0,1.25
"189",2020-09-10,11983,1084692,116,15296,42,6,NA,NA,251,1,0,0.98
"190",2020-09-11,12763,1097455,115,15411,43,6,NA,NA,252,1,0,0.94
"191",2020-09-12,18920,1116375,166,15577,44,7,NA,NA,252,0,0,0.89
"192",2020-09-13,14459,1130834,137,15714,41,7,NA,NA,252,0,0,1
"193",2020-09-14,12992,1143826,123,15837,48,9,NA,NA,252,0,0,0.96
"194",2020-09-15,12546,1156372,170,16007,46,8,NA,NA,252,0,0,1.41
"195",2020-09-16,18136,1174508,182,16189,47,8,NA,NA,252,0,0,1.05
"196",2020-09-17,12707,1187215,125,16314,51,8,NA,NA,252,0,0,1.05
"197",2020-09-18,13830,1201045,137,16451,58,9,NA,NA,252,0,0,1.03
"198",2020-09-19,14062,1215107,120,16571,59,11,NA,NA,253,1,0,0.89
"199",2020-09-20,16262,1231369,152,16723,60,12,NA,NA,254,1,0,0.97
"200",2020-09-21,13500,1244869,156,16879,60,12,NA,NA,256,2,0,1.24
"201",2020-09-22,13663,1258532,128,17007,61,13,NA,NA,258,2,0,1
"202",2020-09-23,13663,1272195,129,17136,64,15,NA,NA,260,2,0,1.04
"203",2020-09-24,16685,1288880,124,17260,68,15,NA,NA,260,0,0,0.85
"204",2020-09-25,14630,1303510,175,17435,70,16,NA,NA,261,1,0,1.28
"205",2020-09-26,18583,1322093,155,17590,69,16,NA,NA,262,1,0,0.91
"206",2020-09-27,14135,1336228,121,17711,72,14,NA,NA,263,1,0,0.94
"207",2020-09-28,12583,1348811,127,17838,70,12,NA,NA,263,0,0,1.08
"208",2020-09-29,15567,1364378,175,18013,70,12,NA,NA,264,1,0,1.16
"209",2020-09-30,15243,1379621,154,18167,74,13,NA,NA,268,4,0,1.05
"210",2020-10-01,14111,1393732,147,18314,74,15,NA,NA,271,3,0,1.16
"211",2020-10-02,15888,1409620,222,18536,79,16,NA,NA,275,4,0,1.5
"212",2020-10-03,14894,1424514,195,18731,80,16,NA,NA,277,2,0,1.35
"213",2020-10-04,14479,1438993,213,18944,76,14,NA,NA,278,1,0,1.49
"214",2020-10-05,18042,1457035,206,19150,79,16,NA,NA,278,0,0,1.2
"215",2020-10-06,11770,1468805,243,19393,88,15,NA,NA,280,2,0,2.12
"216",2020-10-07,13980,1482785,218,19611,92,13,NA,NA,281,1,0,1.68
"217",2020-10-08,15356,1498141,186,19797,91,11,NA,NA,282,1,0,1.35
"218",2020-10-09,16199,1514340,258,20055,91,12,NA,NA,283,1,0,1.67
"219",2020-10-10,13888,1528228,250,20305,98,14,NA,NA,284,1,0,1.93
"220",2020-10-11,16677,1544905,241,20546,101,16,NA,NA,285,1,0,1.57
"221",2020-10-12,11474,1556379,221,20767,103,13,NA,NA,285,0,0,2.03
"222",2020-10-13,14901,1571280,242,21009,104,14,NA,NA,287,2,0,1.7
"223",2020-10-14,12795,1584075,242,21251,108,15,NA,NA,287,0,0,2.01
"224",2020-10-15,14179,1598254,319,21570,118,10,NA,NA,288,1,0,2.36
"225",2020-10-16,16032,1614286,307,21877,118,12,NA,NA,289,1,0,2.01
"226",2020-10-17,12565,1626851,225,22102,123,13,NA,NA,289,0,0,1.85
"227",2020-10-18,13598,1640449,370,22472,121,16,NA,NA,291,2,0,2.89
"228",2020-10-19,13019,1653468,324,22796,120,15,NA,NA,293,2,0,2.63
"229",2020-10-20,14955,1668423,392,23188,114,15,NA,NA,295,2,0,2.88
"230",2020-10-21,14333,1682756,436,23624,108,17,NA,NA,297,2,0,3.18
"231",2020-10-22,15549,1698305,441,24065,107,14,NA,NA,301,4,0,2.89
"232",2020-10-23,16389,1714694,389,24454,106,15,NA,NA,304,3,0,2.5
"233",2020-10-24,17134,1731828,577,25031,108,17,NA,NA,306,2,0,3.54
"234",2020-10-25,12689,1744517,499,25530,110,16,NA,NA,307,1,0,4.12
"235",2020-10-26,9649,1754166,416,25946,117,16,NA,NA,309,2,0,4.57
"236",2020-10-27,10962,1765128,407,26353,122,20,NA,NA,314,5,0,3.94
"237",2020-10-28,12858,1777986,479,26832,131,18,NA,NA,320,6,0,3.94
"238",2020-10-29,13649,1791635,614,27446,141,25,NA,NA,323,3,0,4.83
"239",2020-10-30,13827,1805462,588,28034,136,24,NA,NA,326,3,0,4.39
"240",2020-10-31,13203,1818665,524,28558,142,24,NA,NA,333,7,0,4.17
"241",2020-11-01,11638,1830303,605,29163,152,28,NA,NA,338,5,0,5.34
"242",2020-11-02,8970,1839273,571,29734,154,28,NA,NA,341,3,0,6.61
"243",2020-11-03,11167,1850440,537,30271,158,32,NA,NA,350,9,0,5.05
"244",2020-11-04,14099,1864539,771,31042,159,32,NA,NA,354,4,0,5.74
"245",2020-11-05,14153,1878692,735,31777,171,32,NA,NA,361,7,0,5.48
"246",2020-11-06,15030,1893722,825,32602,179,33,NA,NA,368,7,0,5.89
"247",2020-11-07,12167,1905889,640,33242,184,35,NA,NA,373,5,0,5.59
"248",2020-11-08,11616,1917505,630,33872,192,38,NA,NA,383,10,0,5.72
"249",2020-11-09,9323,1926828,724,34596,207,42,NA,NA,389,6,0,8.22
"250",2020-11-10,12679,1939507,676,35272,216,44,NA,NA,397,8,0,5.76
"251",2020-11-11,14924,1954431,854,36126,224,50,NA,NA,400,3,0,5.98
"252",2020-11-12,14035,1968466,896,37022,246,53,NA,NA,407,7,0,6.93
"253",2020-11-13,14322,1982788,1017,38039,261,55,NA,NA,413,6,0,7.71
"254",2020-11-14,15603,1998391,981,39020,271,57,NA,NA,422,9,0,6.72
"255",2020-11-15,12217,2010608,852,39872,283,56,NA,NA,435,13,0,7.45
"256",2020-11-16,11539,2022147,765,40637,292,58,NA,NA,449,14,0,7
"257",2020-11-17,13453,2035600,729,41366,305,59,NA,NA,459,10,0,5.91
"258",2020-11-18,16471,2052071,1102,42468,322,61,NA,NA,466,7,0,7.24
"259",2020-11-19,17768,2069839,1140,43608,345,59,NA,NA,476,10,0,7.05
"260",2020-11-20,19342,2089181,1333,44941,355,58,NA,NA,484,8,0,7.45
"261",2020-11-21,19571,2108752,1562,46503,356,62,NA,NA,493,9,0,8.54
"262",2020-11-22,19567,2128319,1527,48030,364,65,NA,NA,504,11,0,8.33
"263",2020-11-23,13649,2141968,1120,49150,383,66,NA,NA,514,10,0,8.78
"264",2020-11-24,15715,2157683,1271,50421,397,74,NA,NA,524,10,0,8.53
"265",2020-11-25,16000,2173683,1084,51505,436,85,NA,NA,533,9,0,7.28
"266",2020-11-26,16355,2190038,1228,52733,448,86,NA,NA,545,12,0,7.92
"267",2020-11-27,21749,2211787,1714,54447,462,89,NA,NA,558,13,0,8.39
"268",2020-11-28,23384,2235171,1593,56040,477,94,NA,NA,567,9,0,7.32
"269",2020-11-29,20591,2255762,1709,57749,494,95,NA,NA,579,12,0,8.79
"270",2020-11-30,15884,2271646,1317,59066,520,102,NA,NA,595,16,0,8.82
"271",2020-12-01,18517,2290163,1695,60761,550,100,NA,NA,607,12,0,9.61
"272",2020-12-02,19698,2309861,1851,62612,565,101,NA,NA,625,18,0,9.81
"273",2020-12-03,17309,2327170,1794,64406,587,100,NA,NA,640,15,0,11.15
"274",2020-12-04,21186,2348356,1879,66285,601,103,NA,NA,666,26,0,9.47
"275",2020-12-05,23544,2371900,1828,68113,626,106,NA,NA,680,14,0,8.3
"276",2020-12-06,20472,2392372,1725,69838,654,113,NA,NA,699,19,0,9.02
"277",2020-12-07,19195,2411567,1794,71632,695,115,NA,NA,722,23,0,9.85
"278",2020-12-08,16894,2428461,1494,73126,708,128,NA,NA,735,13,0,9.48
"279",2020-12-09,16891,2445352,1596,74722,725,127,NA,NA,756,21,0,9.98
"280",2020-12-10,21106,2466458,1745,76467,727,127,NA,NA,775,19,0,8.93
"281",2020-12-11,20348,2486806,1597,78064,726,128,NA,NA,787,12,0,8.42
"282",2020-12-12,21833,2508639,1709,79773,705,136,NA,NA,812,25,0,8.35
"283",2020-12-13,20496,2529135,1865,81638,729,138,NA,NA,828,16,0,9.52
"284",2020-12-14,16468,2545603,1342,82980,761,135,NA,NA,848,20,0,8.9
"285",2020-12-15,17645,2563248,1287,84267,775,142,NA,NA,871,23,1,7.71
"286",2020-12-16,19960,2583208,1592,85859,785,140,NA,NA,895,24,0,8.46
"287",2020-12-17,19672,2602880,1461,87320,793,145,NA,NA,916,21,1,7.97
"288",2020-12-18,18664,2621544,1368,88688,791,154,NA,NA,944,28,0,7.93
"289",2020-12-19,18156,2639700,1306,89994,790,152,NA,NA,961,17,0,7.62
"290",2020-12-20,18499,2658199,1251,91245,811,153,NA,NA,974,13,0,7.37
"291",2020-12-21,14366,2672565,1052,92297,823,152,NA,NA,996,22,1,7.73
"292",2020-12-22,19445,2692010,1336,93633,837,144,NA,NA,1021,25,1,7.45
"293",2020-12-23,15747,2707757,1130,94763,853,150,NA,NA,1042,21,1,7.67
"294",2020-12-24,18182,2725939,1240,96003,849,151,NA,NA,1064,22,1,7.32
"295",2020-12-25,14406,2740345,904,96907,837,147,NA,NA,1092,28,0,6.68
"296",2020-12-26,7110,2747455,486,97393,847,141,NA,NA,1116,24,1,7.44
"297",2020-12-27,9892,2757347,955,98348,865,150,NA,NA,1143,27,0,10.35
"298",2020-12-28,11287,2768634,896,99244,881,154,NA,NA,1159,16,0,8.33
"299",2020-12-29,15059,2783693,1364,100608,904,152,NA,NA,1179,20,0,9.39
"300",2020-12-30,17143,2800836,1263,101871,906,144,NA,NA,1197,18,0,7.65
"301",2020-12-31,16684,2817520,1360,103231,893,141,NA,NA,1213,16,0,8.57
"302",2021-01-01,12952,2830472,921,104152,878,147,NA,NA,1237,24,4,7.61
"303",2021-01-02,8365,2838837,466,104618,890,142,NA,NA,1267,30,1,5.86
"304",2021-01-03,12232,2851069,1138,105756,891,139,NA,NA,1291,24,2,9.86
"305",2021-01-04,10628,2861697,877,106633,903,141,NA,NA,1316,25,1,8.62
"306",2021-01-05,16450,2878147,1148,107781,881,142,NA,NA,1339,23,1,7.28
"307",2021-01-06,15094,2893241,966,108747,848,140,NA,NA,1365,26,1,6.7
"308",2021-01-07,16994,2910235,1177,109924,819,139,NA,NA,1385,20,4,7.21
"309",2021-01-08,13664,2923899,980,110904,799,135,NA,NA,1402,17,1,7.52
"310",2021-01-09,12367,2936266,809,111713,773,132,NA,NA,1426,24,3,6.87
"311",2021-01-10,9894,2946160,627,112340,794,136,NA,NA,1454,28,0,6.65
"312",2021-01-11,9401,2955561,675,113015,799,133,NA,NA,1472,18,0,7.5
"313",2021-01-12,15960,2971521,867,113882,792,137,NA,NA,1496,24,2,5.8
"314",2021-01-13,16303,2987824,966,114848,768,135,NA,NA,1506,10,1,6.31
"315",2021-01-14,13640,3001464,779,115627,766,127,NA,NA,1521,15,1,5.91
"316",2021-01-15,12472,3013936,702,116329,741,123,NA,NA,1538,17,5,5.92
"317",2021-01-16,11527,3025463,743,117072,718,123,NA,NA,1557,19,6,6.81
"318",2021-01-17,8613,3034076,461,117533,718,121,NA,NA,1575,18,2,5.65
"319",2021-01-18,7730,3041806,462,117995,724,122,NA,NA,1587,12,2,6.27
"320",2021-01-19,14722,3056528,670,118665,726,125,NA,NA,1611,24,0,4.88
"321",2021-01-20,14097,3070625,672,119337,702,121,NA,NA,1627,16,4,5.03
"322",2021-01-21,13042,3083667,642,119979,672,117,NA,NA,1642,15,2,5.09
"323",2021-01-22,10918,3094585,567,120546,650,115,NA,NA,1655,13,3,5.52
"324",2021-01-23,10256,3104841,451,120997,616,111,NA,NA,1672,17,2,4.57
"325",2021-01-24,7203,3112044,358,121355,603,114,NA,NA,1684,12,1,5.28
"326",2021-01-25,8317,3120361,362,121717,594,108,NA,NA,1700,16,10,4.48
"327",2021-01-26,12891,3133252,468,122185,576,109,NA,NA,1707,7,1,3.82
"328",2021-01-27,12336,3145588,473,122658,567,111,NA,NA,1716,9,4,4.09
"329",2021-01-28,11608,3157196,519,123177,562,108,NA,NA,1727,11,12,4.63
"330",2021-01-29,10396,3167592,388,123565,548,102,NA,NA,1735,8,4,3.89
"331",2021-01-30,8966,3176558,468,124033,528,101,NA,NA,1744,9,6,5.45
"332",2021-01-31,7305,3183863,351,124384,522,102,NA,NA,1751,7,5,5
"333",2021-02-01,7913,3191776,280,124664,525,96,NA,NA,1760,9,8,3.65
"334",2021-02-02,13072,3204848,456,125120,501,93,NA,NA,1768,8,12,3.66
"335",2021-02-03,11521,3216369,403,125523,477,92,NA,NA,1781,13,12,3.64
"336",2021-02-04,10002,3226371,394,125917,445,88,NA,NA,1786,5,15,4.12
"337",2021-02-05,10045,3236416,361,126278,424,83,NA,NA,1797,11,22,3.78
"338",2021-02-06,8250,3244666,351,126629,405,80,NA,NA,1802,5,7,4.34
"339",2021-02-07,6196,3250862,268,126897,400,77,NA,NA,1810,8,6,4.52
"340",2021-02-08,7015,3257877,220,127117,398,78,NA,NA,1815,5,2,3.31
"341",2021-02-09,10888,3268765,335,127452,387,75,NA,NA,1823,8,13,3.27
"342",2021-02-10,9976,3278741,348,127800,360,68,NA,NA,1831,8,16,3.6
"343",2021-02-11,8418,3287159,318,128118,333,63,NA,NA,1844,13,10,3.85
"344",2021-02-12,8079,3295238,301,128419,317,60,NA,NA,1851,7,26,3.85
"345",2021-02-13,7984,3303222,286,128705,314,56,NA,NA,1854,3,8,3.81
"346",2021-02-14,5396,3308618,244,128949,310,55,NA,NA,1857,3,4,4.63
"347",2021-02-15,5239,3313857,260,129209,323,53,NA,NA,1862,5,7,5.33
"348",2021-02-16,7489,3321346,286,129495,326,57,NA,NA,1867,5,10,4.07
"349",2021-02-17,10302,3331648,420,129915,317,53,NA,NA,1869,2,8,4.39
"350",2021-02-18,9386,3341034,331,130246,304,54,NA,NA,1875,6,7,3.7
"351",2021-02-19,8398,3349432,384,130630,290,50,NA,NA,1879,4,15,4.8
"352",2021-02-20,7546,3356978,327,130957,281,54,NA,NA,1880,1,19,4.52
"353",2021-02-21,6074,3363052,268,131225,293,53,NA,NA,1884,4,10,4.63
"354",2021-02-22,6338,3369390,277,131502,294,52,NA,NA,1889,5,19,4.48
"355",2021-02-23,9485,3378875,425,131927,281,58,NA,NA,1890,1,24,4.83
"356",2021-02-24,9232,3388107,404,132331,274,57,NA,NA,1893,3,21,4.57
"357",2021-02-25,9226,3397333,355,132686,273,56,NA,NA,1898,5,32,4.05
"358",2021-02-26,7777,3405110,413,133099,268,50,NA,NA,1903,5,32,5.54
"359",2021-02-27,7523,3412633,301,133400,254,45,NA,NA,1905,2,16,4.28
"360",2021-02-28,5957,3418590,287,133687,263,48,NA,NA,1908,3,35,5.1
"361",2021-03-01,5870,3424460,262,133949,259,50,NA,NA,1911,3,14,4.62
"362",2021-03-02,10364,3434824,400,134349,255,44,NA,NA,1915,4,34,3.94
"363",2021-03-03,9498,3444322,333,134682,248,43,NA,NA,1916,1,27,3.7
"364",2021-03-04,10581,3454903,408,135090,253,41,NA,NA,1918,2,38,4.07
"365",2021-03-05,8149,3463052,335,135425,254,40,NA,NA,1921,3,31,4.2
"366",2021-03-06,8099,3471151,306,135731,245,38,NA,NA,1924,3,47,3.93
"367",2021-03-07,5493,3476644,250,135981,253,34,NA,NA,1925,1,33,4.53
"368",2021-03-08,5445,3482089,250,136231,260,35,NA,NA,1930,5,36,4.74
"369",2021-03-09,10419,3492508,383,136614,249,36,NA,NA,1932,2,47,3.79
"370",2021-03-10,10187,3502695,405,137019,255,37,NA,NA,1937,5,73,4.13
"371",2021-03-11,9921,3512616,447,137466,258,38,NA,NA,1941,4,58,4.65
"372",2021-03-12,8891,3521507,426,137892,255,36,NA,NA,1946,5,67,4.99
"373",2021-03-13,8353,3529860,376,138268,250,36,NA,NA,1950,4,64,4.66
"374",2021-03-14,6635,3536495,362,138630,261,41,NA,NA,1954,4,76,5.73
"375",2021-03-15,6030,3542525,349,138979,260,41,NA,NA,1957,3,73,6.09
"376",2021-03-16,10846,3553371,507,139486,263,42,NA,NA,1958,1,113,4.91
"377",2021-03-17,10957,3564328,516,140002,267,42,NA,NA,1958,0,125,4.95
"378",2021-03-18,11928,3576256,669,140671,272,46,NA,NA,1961,3,198,5.78
"379",2021-03-19,9993,3586249,528,141199,275,47,NA,NA,1962,1,128,5.32
"380",2021-03-20,11434,3597683,545,141744,276,46,NA,NA,1965,3,157,5.03
"381",2021-03-21,7559,3605242,456,142200,281,46,NA,NA,1969,4,181,6.2
"382",2021-03-22,7349,3612591,481,142681,291,52,NA,NA,1973,4,173,6.89
"383",2021-03-23,12853,3625444,677,143358,289,51,NA,NA,1975,2,197,5.42
"384",2021-03-24,14075,3639519,762,144120,290,54,NA,NA,1977,2,253,5.51
"385",2021-03-25,13346,3652865,727,144847,282,57,NA,NA,1983,6,216,5.66
"386",2021-03-26,11533,3664398,655,145502,280,65,NA,NA,1987,4,259,5.84
"387",2021-03-27,11985,3676383,640,146142,276,62,NA,NA,1987,0,283,5.57
"388",2021-03-28,8377,3684760,540,146682,286,62,NA,NA,1990,3,250,6.71
"389",2021-03-29,8101,3692861,622,147304,296,57,NA,NA,1992,2,299,7.91
"390",2021-03-30,13761,3706622,895,148199,292,62,NA,NA,1995,3,446,6.66
"391",2021-03-31,13645,3720267,878,149077,285,59,NA,NA,1998,3,443,6.75
"392",2021-04-01,13292,3733559,1078,150155,289,61,NA,NA,1999,1,604,8.64
"393",2021-04-02,12123,3745682,1065,151220,295,69,NA,NA,1999,0,608,9.03
"394",2021-04-03,11204,3756886,936,152156,297,70,NA,NA,2002,3,549,8.69
"395",2021-04-04,9098,3765984,867,153023,309,76,NA,NA,2003,1,502,9.85
"396",2021-04-05,9179,3775163,930,153953,321,77,NA,NA,2003,0,539,10.7
"397",2021-04-06,14094,3789257,1364,155317,324,78,NA,NA,2003,0,834,9.97
"398",2021-04-07,15245,3804502,1414,156731,334,82,NA,NA,2006,3,834,9.61
"399",2021-04-08,15655,3820157,1533,158264,343,83,NA,NA,2011,5,930,10.16
"400",2021-04-09,14406,3834563,1281,159545,362,85,NA,NA,2011,0,788,9.27
"401",2021-04-10,14919,3849482,1171,160716,382,91,NA,NA,2014,3,782,8.23
"402",2021-04-11,12329,3861811,1096,161812,388,90,NA,NA,2019,5,701,9.38
"403",2021-04-12,11988,3873799,1052,162864,400,88,NA,NA,2022,3,693,9.08
"404",2021-04-13,15777,3889576,1433,164297,417,89,NA,NA,2026,4,922,9.34
"405",2021-04-14,17255,3906831,1649,165946,416,85,NA,NA,2030,4,1065,9.83
"406",2021-04-15,16927,3923758,1605,167551,423,89,NA,NA,2032,2,1106,9.89
"407",2021-04-16,16410,3940168,1501,169052,445,90,NA,NA,2034,2,1028,9.49
"408",2021-04-17,15389,3955557,1474,170526,450,98,NA,NA,2037,3,994,10.03
"409",2021-04-18,12604,3968161,1355,171881,462,100,NA,NA,2040,3,923,11.06
"410",2021-04-19,13195,3981356,1349,173230,488,103,NA,NA,2042,2,945,10.59
"411",2021-04-20,18455,3999811,1728,174958,506,111,NA,NA,2047,5,1246,9.74
"412",2021-04-21,17574,4017385,1841,176799,525,114,NA,NA,2052,5,1296,10.86
"413",2021-04-22,17620,4035005,1671,178470,551,121,NA,NA,2059,7,1264,9.88
"414",2021-04-23,17748,4052753,1512,179982,587,125,NA,NA,2064,5,1115,8.78
"415",2021-04-24,17055,4069808,1444,181426,597,136,NA,NA,2070,6,1072,8.75
"416",2021-04-25,14885,4084693,1492,182918,622,139,NA,NA,2076,6,1106,10.41
"417",2021-04-26,13770,4098463,1547,184465,636,142,NA,NA,2079,3,1104,11.58
"418",2021-04-27,19000,4117463,1835,186300,645,142,NA,NA,2085,6,1348,9.97
"419",2021-04-28,20601,4138064,2066,188366,627,144,NA,NA,2091,6,1494,10.19
"420",2021-04-29,19000,4157064,1996,190362,646,146,NA,NA,2094,3,1421,10.76
"421",2021-04-30,20495,4177559,2410,192772,642,147,NA,NA,2099,5,1809,12.16
"422",2021-05-01,16626,4194185,1701,194473,646,147,NA,NA,2102,3,836,10.6
"423",2021-05-02,15111,4209296,1971,196444,650,145,NA,NA,2108,6,950,13.45
"424",2021-05-03,14601,4223897,1792,198236,669,139,NA,NA,2113,5,603,12.51
"425",2021-05-04,20544,4244441,2282,200518,655,134,NA,NA,2113,0,514,11.4
"426",2021-05-05,19974,4264415,2183,202701,651,134,NA,NA,2116,3,483,11.35
"427",2021-05-06,18955,4283370,1943,204644,642,136,NA,NA,2117,1,435,10.74
"428",2021-05-07,18859,4302229,2050,206694,646,134,NA,NA,2120,3,441,11.22
"429",2021-05-08,15535,4317764,1583,208277,650,140,NA,NA,2125,5,371,10.48
"430",2021-05-09,13991,4331755,1570,209847,676,144,NA,NA,2128,3,339,11.79
"431",2021-05-10,11912,4343667,1511,211358,692,151,NA,NA,2133,5,376,13.17
"432",2021-05-11,17587,4361254,1813,213171,715,156,NA,NA,2135,2,375,10.67
"433",2021-05-12,15295,4376549,1591,214762,705,162,NA,NA,2141,6,413,10.72
"434",2021-05-13,15067,4391616,1485,216247,699,163,NA,NA,2147,6,399,10.21
"435",2021-05-14,12963,4404579,1238,217485,676,166,NA,NA,2150,3,315,9.8
"436",2021-05-15,11885,4416464,1132,218617,652,173,NA,NA,2153,3,355,9.81
"437",2021-05-16,7011,4423475,718,219335,661,169,NA,NA,2157,4,243,10.47
"438",2021-05-17,8103,4431578,918,220253,681,174,NA,NA,2162,5,364,11.64
"439",2021-05-18,10422,4442000,955,221208,674,175,NA,NA,2166,4,276,9.34
"440",2021-05-19,9064,4451064,829,222037,663,168,NA,NA,2168,2,281,9.52
"441",2021-05-20,10178,4461242,756,222793,636,166,NA,NA,2173,5,290,7.83
"442",2021-05-21,9541,4470783,635,223428,610,154,NA,NA,2181,8,269,6.95
"443",2021-05-22,6960,4477743,552,223980,579,152,NA,NA,2188,7,199,8.2
"444",2021-05-23,5096,4482839,447,224427,568,152,NA,NA,2196,8,182,9.01
"445",2021-05-24,4015,4486854,388,224815,561,150,NA,NA,2202,6,206,10.21
"446",2021-05-25,5989,4492843,407,225222,540,148,NA,NA,2206,4,209,7.16
"447",2021-05-26,9032,4501875,540,225762,530,144,NA,NA,2208,2,437,6.2
"448",2021-05-27,7711,4509586,538,226300,510,142,NA,NA,2215,7,418,7.03
"449",2021-05-28,6893,4516479,409,226709,474,135,NA,NA,2220,5,295,6.12
"450",2021-05-29,6593,4523072,397,227106,443,133,NA,NA,2223,3,313,6.16
"451",2021-05-30,4413,4527485,259,227365,438,125,NA,NA,2227,4,203,5.98
"452",2021-05-31,4120,4531605,213,227578,437,119,NA,NA,2229,2,166,5.53
"453",2021-06-01,8361,4539966,430,228008,436,117,NA,NA,2232,3,347,5.76
"454",2021-06-02,6811,4546777,309,228317,408,115,NA,NA,2243,11,248,4.62
"455",2021-06-03,5815,4552592,240,228557,376,105,NA,NA,2245,2,183,4.04
"456",2021-06-04,6873,4559465,298,228855,368,99,NA,NA,2246,1,245,4.79
"457",2021-06-05,5337,4564802,232,229087,363,92,NA,NA,2247,1,184,4.57
"458",2021-06-06,4026,4568828,159,229246,352,91,NA,NA,2251,4,122,3.95
"459",2021-06-07,3444,4572272,141,229387,339,83,NA,NA,2254,3,105,4.21
"460",2021-06-08,8549,4580821,319,229706,333,81,NA,NA,2256,2,262,3.9
"461",2021-06-09,5492,4586313,171,229877,310,80,NA,NA,2261,5,121,3.15
"462",2021-06-10,6678,4592991,178,230055,298,76,NA,NA,2266,5,126,2.8
"463",2021-06-11,5476,4598467,176,230231,290,71,NA,NA,2267,1,138,3.29
"464",2021-06-12,5803,4604270,163,230394,272,72,NA,NA,2269,2,122,2.91
"465",2021-06-13,3323,4607593,129,230523,272,70,NA,NA,2273,4,95,4
"466",2021-06-14,4482,4612075,129,230652,273,65,NA,NA,2278,5,94,3.06
"467",2021-06-15,6708,4618783,145,230797,259,64,NA,NA,2282,4,108,2.16
"468",2021-06-16,6047,4624830,141,230938,245,56,NA,NA,2282,0,106,2.45
"469",2021-06-17,5578,4630408,118,231056,241,55,NA,NA,2289,7,84,2.19
"470",2021-06-18,5059,4635467,123,231179,226,46,NA,NA,2290,1,79,2.51
"471",2021-06-19,4877,4640344,86,231265,216,49,NA,NA,2290,0,54,1.76
"472",2021-06-20,2837,4643181,53,231318,217,53,NA,NA,2293,3,41,1.9
"473",2021-06-21,5017,4648198,67,231385,206,52,NA,NA,2293,0,52,1.34
"474",2021-06-22,6335,4654533,100,231485,202,52,NA,NA,2293,0,72,1.63
"475",2021-06-23,5722,4660255,80,231565,194,48,NA,NA,2293,0,44,1.45
"476",2021-06-24,7074,4667329,93,231658,184,44,NA,NA,2294,1,60,1.46
"477",2021-06-25,6086,4673415,77,231735,183,43,NA,NA,2296,2,49,1.38
"478",2021-06-26,4587,4678002,45,231780,174,38,NA,NA,2297,1,33,0.98
"479",2021-06-27,4488,4682490,40,231820,179,36,NA,NA,2300,3,30,0.85
"480",2021-06-28,3452,4685942,56,231876,170,34,NA,NA,2301,1,32,1.54
"481",2021-06-29,6333,4692275,75,231951,163,32,NA,NA,2301,0,51,1.12
"482",2021-06-30,5248,4697523,60,232011,152,33,NA,NA,2301,0,39,1.28
"483",2021-07-01,5492,4703015,36,232047,142,31,NA,NA,2304,3,27,0.69
"484",2021-07-02,3931,4706946,34,232081,138,29,NA,NA,2304,0,26,1.04
"485",2021-07-03,4208,4711154,52,232133,135,29,NA,NA,2304,0,32,1.26
"486",2021-07-04,4268,4715422,39,232172,133,31,NA,NA,2305,1,19,0.94
"487",2021-07-05,4419,4719841,36,232208,136,30,NA,NA,2305,0,25,0.79
"488",2021-07-06,6162,4726003,57,232265,138,28,NA,NA,2306,1,36,0.88
"489",2021-07-07,5898,4731901,49,232314,128,29,NA,NA,2306,0,34,0.86
"490",2021-07-08,7316,4739217,57,232371,123,32,NA,NA,2306,0,29,0.78
"491",2021-07-09,5842,4745059,36,232407,114,33,NA,NA,2306,0,19,0.62
"492",2021-07-10,6021,4751080,31,232438,114,31,NA,NA,2306,0,13,0.5
"493",2021-07-11,4012,4755092,29,232467,108,32,NA,NA,2309,3,16,0.75
"494",2021-07-12,4994,4760086,32,232499,108,31,NA,NA,2309,0,12,0.7
"495",2021-07-13,6858,4766944,34,232533,108,31,NA,NA,2310,1,21,0.52
"496",2021-07-14,6214,4773158,49,232582,103,29,NA,NA,2312,2,30,0.8
"497",2021-07-15,6371,4779529,52,232634,105,26,NA,NA,2313,1,29,0.89
"498",2021-07-16,5513,4785042,51,232685,103,26,NA,NA,2314,1,31,0.94
"499",2021-07-17,5355,4790397,40,232725,100,26,NA,NA,2315,1,25,0.82
"500",2021-07-18,4347,4794744,41,232766,98,26,NA,NA,2315,0,32,1.01
"501",2021-07-19,5008,4799752,61,232827,95,26,NA,NA,2315,0,38,1.22
"502",2021-07-20,6483,4806235,89,232916,93,26,NA,NA,2317,2,65,1.47
"503",2021-07-21,6626,4812861,95,233011,90,26,NA,NA,2319,2,76,1.45
"504",2021-07-22,7621,4820482,167,233178,83,26,NA,NA,2319,0,150,2.27
"505",2021-07-23,6082,4826564,145,233323,84,23,NA,NA,2320,1,117,2.48
"506",2021-07-24,6291,4832855,137,233460,80,22,NA,NA,2320,0,123,2.19
"507",2021-07-25,5371,4838226,92,233552,81,21,NA,NA,2320,0,79,1.77
"508",2021-07-26,5428,4843654,134,233686,83,21,NA,NA,2321,1,111,2.54
"509",2021-07-27,7131,4850785,205,233891,84,18,NA,NA,2321,0,180,2.94
"510",2021-07-28,7864,4858649,222,234113,88,20,NA,NA,2323,2,190,2.9
"511",2021-07-29,8291,4866940,196,234309,89,19,NA,NA,2323,0,162,2.48
"512",2021-07-30,6701,4873641,231,234540,92,18,NA,NA,2324,1,214,3.69
"513",2021-07-31,6027,4879668,223,234763,91,17,NA,NA,2324,0,198,3.83
"514",2021-08-01,4392,4884060,143,234906,90,20,NA,NA,2324,0,134,3.39
"515",2021-08-02,4478,4888538,123,235029,89,22,NA,NA,2324,0,105,2.79
"516",2021-08-03,5434,4893972,202,235231,95,22,NA,NA,2324,0,187,3.9
"517",2021-08-04,7475,4901447,394,235625,100,23,NA,NA,2325,1,358,5.55
"518",2021-08-05,7299,4908746,365,235990,109,25,NA,NA,2327,2,328,5.25
"519",2021-08-06,7801,4916547,391,236381,116,25,NA,NA,2329,2,345,5.19
"520",2021-08-07,7708,4924255,376,236757,114,23,NA,NA,2329,0,337,5.11
"521",2021-08-08,4472,4928727,240,236997,126,26,NA,NA,2330,1,211,5.59
"522",2021-08-09,5446,4934173,284,237281,132,28,NA,NA,2330,0,253,5.6
"523",2021-08-10,8640,4942813,504,237785,141,30,NA,NA,2330,0,461,6.22
"524",2021-08-11,8607,4951420,547,238332,155,37,NA,NA,2330,0,480,6.66
"525",2021-08-12,9314,4960734,581,238913,158,37,NA,NA,2330,0,517,6.3
"526",2021-08-13,8016,4968750,567,239480,160,38,NA,NA,2332,2,521,7.32
"527",2021-08-14,7153,4975903,449,239929,155,42,NA,NA,2332,0,407,6.36
"528",2021-08-15,5331,4981234,389,240318,167,42,NA,NA,2334,2,365,7.52
"529",2021-08-16,5495,4986729,409,240727,179,43,NA,NA,2334,0,352,7.88
"530",2021-08-17,9230,4995959,690,241417,185,45,NA,NA,2336,2,616,7.83
"531",2021-08-18,10008,5005967,809,242226,201,41,NA,NA,2341,5,742,8.56
"532",2021-08-19,9034,5015001,740,242966,222,44,NA,NA,2343,2,678,8.61
"533",2021-08-20,8977,5023978,811,243777,239,45,NA,NA,2344,1,739,9.49
"534",2021-08-21,8423,5032401,679,244456,235,46,NA,NA,2346,2,609,8.42
"535",2021-08-22,5618,5038019,469,244925,248,51,NA,NA,2350,4,438,9.02
"536",2021-08-23,6028,5044047,640,245565,266,55,NA,NA,2355,5,571,11.1
"537",2021-08-24,11789,5055836,1077,246642,291,56,NA,NA,2359,4,984,9.62
"538",2021-08-25,10601,5066437,1102,247744,309,61,NA,NA,2360,1,951,10.8
"539",2021-08-26,11591,5078028,1172,248916,335,71,NA,NA,2364,4,1058,10.46
"540",2021-08-27,11448,5089476,1226,250142,358,82,NA,NA,2368,4,1110,11.22
"541",2021-08-28,9543,5099019,955,251097,381,82,NA,NA,2372,4,858,10.32
"542",2021-08-29,8356,5107375,866,251963,404,92,NA,NA,2375,3,793,10.7
"543",2021-08-30,7514,5114889,915,252878,438,101,NA,NA,2382,7,844,12.74
"544",2021-08-31,12171,5127060,1341,254219,474,102,NA,NA,2388,6,1192,11.33
"545",2021-09-01,12474,5139534,1339,255558,493,110,NA,NA,2391,3,1232,11.15
"546",2021-09-02,12627,5152161,1413,256971,531,113,NA,NA,2396,5,1277,11.79
"547",2021-09-03,10477,5162638,1310,258281,556,122,NA,NA,2404,8,1174,13.09
"548",2021-09-04,12867,5175505,1448,259729,570,127,NA,NA,2414,10,1335,11.56
"549",2021-09-05,7526,5183031,811,260540,585,133,NA,NA,2424,10,739,11.27
"550",2021-09-06,10452,5193483,1296,261836,613,136,NA,NA,2433,9,1190,12.95
"551",2021-09-07,10777,5204260,1219,263055,663,143,NA,NA,2440,7,1070,11.8
"552",2021-09-08,13851,5218111,1497,264552,683,147,NA,NA,2447,7,1342,11.27
"553",2021-09-09,13681,5231792,1474,266026,698,163,NA,NA,2457,10,1261,11.22
"554",2021-09-10,14591,5246383,1649,267675,749,175,NA,NA,2466,9,882,11.77
"555",2021-09-11,12218,5258601,1492,269167,767,178,NA,NA,2471,5,922,12.42
"556",2021-09-12,13372,5271973,1592,270759,812,190,NA,NA,2482,11,607,12.21
"557",2021-09-13,11942,5283915,1413,272172,835,205,NA,NA,2495,13,486,12.4
"558",2021-09-14,15896,5299811,1630,273802,883,211,NA,NA,2507,12,657,10.77
"559",2021-09-15,16432,5316243,1726,275528,905,215,NA,NA,2523,16,703,10.92
"560",2021-09-16,17394,5333637,2003,277531,923,212,NA,NA,2537,14,717,11.92
"561",2021-09-17,16431,5350068,1595,279126,926,208,NA,NA,2552,15,698,10.14
"562",2021-09-18,16561,5366629,1589,280715,936,199,NA,NA,2567,15,694,9.94
"563",2021-09-19,13449,5380078,1434,282149,963,215,NA,NA,2584,17,591,11.13
"564",2021-09-20,13723,5393801,1519,283668,1000,219,NA,NA,2598,14,578,11.63
"565",2021-09-21,14584,5408385,1312,284980,1035,230,NA,NA,2617,19,643,9.37
"566",2021-09-22,17999,5426384,1686,286666,1052,227,NA,NA,2627,10,724,9.75
"567",2021-09-23,16952,5443336,1670,288336,1068,239,NA,NA,2638,11,718,10.26
"568",2021-09-24,15935,5459271,1873,290209,1068,241,NA,NA,2655,17,741,12.19
"569",2021-09-25,14885,5474156,1525,291734,1043,246,NA,NA,2670,15,558,10.61
"570",2021-09-26,15085,5489241,1755,293489,1070,250,NA,NA,2688,18,663,12.03
"571",2021-09-27,11182,5500423,1270,294759,1103,244,NA,NA,2700,12,544,11.74
"572",2021-09-28,15080,5515503,1704,296463,1075,251,NA,NA,2715,15,581,11.66
"573",2021-09-29,17650,5533153,1721,298184,1075,247,NA,NA,2733,18,760,10.18
"574",2021-09-30,15893,5549046,1649,299833,1057,249,NA,NA,2746,13,626,10.73
"575",2021-10-01,14548,5563594,1606,301439,1053,245,NA,NA,2759,13,669,11.38
"576",2021-10-02,14348,5577942,1285,302724,1078,241,NA,NA,2786,27,512,9.37
"577",2021-10-03,10445,5588387,1128,303852,1070,240,NA,NA,2799,13,441,11.19
"578",2021-10-04,8043,5596430,696,304548,1088,233,NA,NA,2814,15,393,9.06
"579",2021-10-05,15432,5611862,1262,305810,1087,230,NA,NA,2823,9,595,8.46
"580",2021-10-06,15642,5627504,1245,307055,1083,234,NA,NA,2835,12,633,8.34
"581",2021-10-07,14779,5642283,1267,308322,1075,236,NA,NA,2852,17,602,8.93
"582",2021-10-08,13998,5656281,1086,309408,1048,238,NA,NA,2866,14,510,8.03
"583",2021-10-09,11652,5667933,1041,310449,1013,224,NA,NA,2880,14,450,9.29
"584",2021-10-10,7745,5675678,637,311086,1043,226,NA,NA,2901,21,339,8.74
"585",2021-10-11,7368,5683046,602,311688,1038,222,NA,NA,2922,21,261,8.59
"586",2021-10-12,8651,5691697,652,312340,1021,217,NA,NA,2935,13,284,7.93
"587",2021-10-13,12754,5704451,930,313270,1004,215,NA,NA,2948,13,437,7.61
"588",2021-10-14,14079,5718530,1044,314314,988,212,NA,NA,2961,13,506,7.67
"589",2021-10-15,11647,5730177,772,315086,978,208,NA,NA,2978,17,381,6.97
"590",2021-10-16,11450,5741627,795,315881,956,202,NA,NA,2985,7,403,7.08
"591",2021-10-17,7184,5748811,608,316489,962,211,NA,NA,2995,10,274,8.76
"592",2021-10-18,8045,5756856,531,317020,951,204,NA,NA,3007,12,311,6.86
"593",2021-10-19,12133,5768989,807,317827,923,195,NA,NA,3017,10,437,6.83
"594",2021-10-20,11912,5780901,773,318600,897,189,NA,NA,3027,10,364,6.72
"595",2021-10-21,10750,5791651,666,319266,878,182,NA,NA,3033,6,321,6.23
"596",2021-10-22,10806,5802457,704,319970,846,181,NA,NA,3043,10,323,6.75
"597",2021-10-23,8704,5811161,522,320492,815,184,NA,NA,3056,13,267,6.19
"598",2021-10-24,6436,5817597,366,320858,812,170,NA,NA,3066,10,179,6.04
"599",2021-10-25,7798,5825395,458,321316,824,168,NA,NA,3074,8,242,6.09
"600",2021-10-26,11371,5836766,626,321942,798,167,NA,NA,3080,6,322,5.71
"601",2021-10-27,10291,5847057,541,322483,770,168,NA,NA,3093,13,269,5.47
"602",2021-10-28,10515,5857572,607,323090,755,162,NA,NA,3099,6,278,6.05
"603",2021-10-29,9399,5866971,530,323620,729,154,NA,NA,3108,9,286,5.95
"604",2021-10-30,8254,5875225,339,323959,691,147,NA,NA,3119,11,165,4.16
"605",2021-10-31,6725,5881950,341,324300,682,144,NA,NA,3124,5,155,5.25
"606",2021-11-01,7547,5889497,326,324626,684,148,NA,NA,3129,5,161,4.56
"607",2021-11-02,10363,5899860,489,325115,683,139,NA,NA,3135,6,261,4.97
"608",2021-11-03,12411,5912271,540,325655,664,133,NA,NA,3139,4,270,4.57
"609",2021-11-04,11509,5923780,468,326123,648,130,NA,NA,3144,5,218,4.24
"610",2021-11-05,11493,5935273,590,326713,647,127,NA,NA,3149,5,279,5.22
"611",2021-11-06,8973,5944246,433,327146,619,128,NA,NA,3157,8,211,4.98
"612",2021-11-07,5521,5949767,287,327433,596,123,NA,NA,3161,4,143,5.22
"613",2021-11-08,8341,5958108,426,327859,598,119,NA,NA,3168,7,190,5.25
"614",2021-11-09,11179,5969287,500,328359,574,115,NA,NA,3173,5,209,4.6
"615",2021-11-10,11593,5980880,468,328827,558,104,NA,NA,3179,6,229,4.16
"616",2021-11-11,8849,5989729,376,329203,543,98,NA,NA,3186,7,169,4.38
"617",2021-11-12,7982,5997711,435,329638,533,95,NA,NA,3187,1,194,5.78
"618",2021-11-13,7150,6004861,357,329995,518,92,NA,NA,3196,9,136,5.08
"619",2021-11-14,6688,6011549,289,330284,510,91,NA,NA,3201,5,143,4.53
"620",2021-11-15,6428,6017977,321,330605,514,92,NA,NA,3205,4,175,5.13
"621",2021-11-16,9745,6027722,416,331021,507,90,NA,NA,3207,2,183,4.39
"622",2021-11-17,8968,6036690,388,331409,499,83,NA,NA,3209,2,200,4.46
"623",2021-11-18,8688,6045378,417,331826,485,82,NA,NA,3213,4,204,4.98
"624",2021-11-19,9454,6054832,472,332298,473,85,NA,NA,3218,5,215,5.2
"625",2021-11-20,7621,6062453,379,332677,453,80,NA,NA,3220,2,175,5.2
"626",2021-11-21,4839,6067292,270,332947,459,85,NA,NA,3228,8,137,5.93
"627",2021-11-22,5326,6072618,271,333218,468,83,NA,NA,3230,2,144,5.43
"628",2021-11-23,10437,6083055,473,333691,462,84,NA,NA,3231,1,321,4.67
"629",2021-11-24,9618,6092673,397,334088,453,85,NA,NA,3234,3,341,4.29
"630",2021-11-25,8714,6101387,363,334451,453,78,NA,NA,3238,4,319,4.3
"631",2021-11-26,7489,6108876,323,334774,449,72,NA,NA,3243,5,274,4.65
"632",2021-11-27,6631,6115507,251,335025,434,68,NA,NA,3245,2,224,3.92
"633",2021-11-28,5058,6120565,231,335256,427,68,NA,NA,3249,4,194,4.82
"634",2021-11-29,5358,6125923,231,335487,431,71,NA,NA,3254,5,195,4.4
"635",2021-11-30,10767,6136690,433,335920,416,71,NA,NA,3257,3,399,4.14
"636",2021-12-01,9473,6146163,364,336284,412,69,NA,NA,3259,2,320,3.96
"637",2021-12-02,9705,6155868,342,336626,388,66,NA,NA,3262,3,303,3.61
"638",2021-12-03,8424,6164292,347,336973,380,62,NA,NA,3264,2,319,4.27
"639",2021-12-04,6957,6171249,247,337220,372,62,NA,NA,3267,3,225,3.61
"640",2021-12-05,5141,6176390,184,337404,383,66,NA,NA,3271,4,165,3.75
"641",2021-12-06,5491,6181881,234,337638,388,67,NA,NA,3273,2,206,4.46
"642",2021-12-07,10715,6192596,384,338022,380,60,NA,NA,3273,0,345,3.75
"643",2021-12-08,10056,6202652,354,338376,374,62,NA,NA,3274,1,320,3.68
"644",2021-12-09,9204,6211856,344,338720,375,64,NA,NA,3275,1,303,3.81
"645",2021-12-10,8538,6220394,312,339032,384,64,NA,NA,3277,2,277,3.87
"646",2021-12-11,6495,6226889,259,339291,369,62,NA,NA,3279,2,233,4.23
"647",2021-12-12,5765,6232654,201,339492,365,63,NA,NA,3280,1,177,3.82
"648",2021-12-13,6433,6239087,276,339768,376,64,NA,NA,3281,1,241,4.57
"649",2021-12-14,10116,6249203,444,340212,371,66,NA,NA,3285,4,381,4.63
"650",2021-12-15,9604,6258807,467,340679,361,63,NA,NA,3286,1,402,5.05
"651",2021-12-16,9712,6268519,546,341225,350,61,NA,NA,3288,2,502,5.82
"652",2021-12-17,10056,6278575,619,341844,340,60,NA,NA,3291,3,569,6.32
"653",2021-12-18,8711,6287286,710,342554,323,65,NA,NA,3294,3,641,8.33
"654",2021-12-19,6507,6293793,563,343117,330,63,NA,NA,3295,1,493,8.82
"655",2021-12-20,7305,6301098,790,343907,338,65,NA,NA,3297,2,718,11.02
"656",2021-12-21,11544,6312642,1354,345261,337,64,NA,NA,3299,2,1196,12.01
"657",2021-12-22,11893,6324535,1573,346834,331,63,NA,NA,3301,2,1423,13.55
"658",2021-12-23,11555,6336090,1969,348803,336,62,NA,NA,3303,2,1551,17.28
"659",2021-12-24,11465,6347555,2450,351253,324,57,NA,NA,3304,1,548,21.6
"660",2021-12-25,7238,6354793,1571,352824,321,54,NA,NA,3304,0,231,22.08
"661",2021-12-26,4074,6358867,687,353511,328,53,NA,NA,3307,3,239,17.45
"662",2021-12-27,6472,6365339,1377,354888,349,55,NA,NA,3310,3,334,21.72
"663",2021-12-28,9405,6374744,2769,357657,375,50,NA,NA,3313,3,532,29.92
"664",2021-12-29,13257,6388001,3969,361626,396,51,NA,NA,3315,2,692,30.41
"665",2021-12-30,13399,6401400,4344,365970,423,51,NA,NA,3318,3,756,32.92
"666",2021-12-31,12794,6414194,4337,370307,423,51,NA,NA,3319,1,996,34.6
"667",2022-01-01,9487,6423681,3197,373504,435,54,NA,NA,3322,3,736,34.49
"668",2022-01-02,7117,6430798,1957,375461,464,56,NA,NA,3326,4,734,28.27
"669",2022-01-03,8283,6439081,2935,378396,481,54,NA,NA,3331,5,795,36.29
"670",2022-01-04,12780,6451861,4680,383076,538,60,NA,NA,3334,3,1135,37.24
"671",2022-01-05,12380,6464241,4753,387829,565,65,NA,NA,3337,3,1307,39.18
"672",2022-01-06,16289,6480530,6125,393954,599,67,NA,NA,3341,4,1560,38.38
"673",2022-01-07,15105,6495635,6113,400067,666,72,NA,NA,3346,5,1315,41.58
"674",2022-01-08,16364,6511999,6149,406216,687,77,NA,NA,3350,4,1557,38.63
"675",2022-01-09,13976,6525975,5310,411526,732,76,NA,NA,3355,5,1337,38.97
"676",2022-01-10,12276,6538251,4622,416148,793,81,NA,NA,3365,10,1308,38.79
"677",2022-01-11,17918,6556169,6761,422909,828,84,NA,NA,3374,9,2318,38.67
"678",2022-01-12,14498,6570667,5846,428755,865,80,NA,NA,3383,9,1542,41.5
"679",2022-01-13,16712,6587379,6229,434984,917,82,NA,NA,3395,12,2018,38.31
"680",2022-01-14,16246,6603625,6090,441074,974,83,NA,NA,3404,9,1993,38.67
"681",2022-01-15,15440,6619065,5345,446419,1000,92,NA,NA,3409,5,1712,35.63
"682",2022-01-16,11237,6630302,4131,450550,1077,99,NA,NA,3418,9,1405,37.95
"683",2022-01-17,9098,6639400,3514,454064,1163,104,NA,NA,3428,10,1953,39.26
"684",2022-01-18,10135,6649535,3770,457834,1182,111,NA,NA,3437,9,1711,38.33
"685",2022-01-19,11122,6660657,3628,461462,1223,113,NA,NA,3444,7,1551,33.53
"686",2022-01-20,10668,6671325,3680,465142,1285,110,NA,NA,3459,15,1752,35.78
"687",2022-01-21,10407,6681732,3872,469014,1330,107,NA,NA,3478,19,1959,38.45
"688",2022-01-22,7934,6689666,2616,471630,1343,107,NA,NA,3490,12,1335,34.18
"689",2022-01-23,4771,6694437,1686,473316,1404,111,NA,NA,3504,14,991,36.89
"690",2022-01-24,6791,6701228,2836,476152,1483,113,NA,NA,3520,16,1323,43.37
"691",2022-01-25,9044,6710272,3338,479490,1520,110,NA,NA,3532,12,1740,37.72
"692",2022-01-26,9404,6719676,3229,482719,1574,109,NA,NA,3545,13,1704,34.93
"693",2022-01-27,8740,6728416,3074,485793,1577,107,NA,NA,3557,12,1623,36.44
"694",2022-01-28,8473,6736889,2946,488739,1581,105,NA,NA,3571,14,1486,35.78
"695",2022-01-29,5919,6742808,1823,490562,1551,103,NA,NA,3582,11,1101,32.32
"696",2022-01-30,5080,6747888,1733,492295,1581,103,NA,NA,3598,16,1058,35.51
"697",2022-01-31,5053,6752941,2013,494308,1655,111,NA,NA,3614,16,938,40.59
"698",2022-02-01,7688,6760629,3034,497342,1667,107,754,62,3625,11,1411,40.26
"699",2022-02-02,7372,6768001,2473,499815,1647,114,757,70,3643,18,1330,34.54
"700",2022-02-03,6274,6774275,2089,501904,1640,122,759,80,3662,19,1171,34.09
"701",2022-02-04,6449,6780724,2021,503925,1623,122,752,81,3674,12,1015,32.14
"702",2022-02-05,4794,6785518,1374,505299,1574,117,733,82,3688,14,842,29.85
"703",2022-02-06,3594,6789112,1121,506420,1611,119,764,87,3702,14,647,32.58
"704",2022-02-07,4295,6793407,1536,507956,1677,130,817,92,3711,9,720,36.74
"705",2022-02-08,5789,6799196,1799,509755,1662,135,823,97,3724,13,836,32.22
"706",2022-02-09,5014,6804210,1462,511217,1636,128,801,93,3743,19,752,29.62
"707",2022-02-10,4794,6809004,1403,512620,1603,127,797,92,3758,15,774,30.35
"708",2022-02-11,4352,6813356,1099,513719,1590,119,796,91,3771,13,583,25.21
"709",2022-02-12,3474,6816830,851,514570,1549,122,784,91,3784,13,431,25.07
"710",2022-02-13,2449,6819279,634,515204,1559,122,793,87,3795,11,331,27.11
"711",2022-02-14,2527,6821806,857,516061,1577,123,819,90,3803,8,404,34.55
"712",2022-02-15,4144,6825950,1042,517103,1546,121,803,88,3820,17,530,24.93
"713",2022-02-16,4081,6830031,960,518063,1525,116,791,83,3828,8,542,24.19
"714",2022-02-17,3793,6833824,799,518862,1529,118,783,86,3842,14,409,21.99
"715",2022-02-18,3417,6837241,739,519601,1489,121,764,89,3850,8,403,22.62
"716",2022-02-19,2591,6839832,472,520073,1424,108,741,83,3858,8,238,19.72
"717",2022-02-20,1985,6841817,465,520538,1414,96,738,75,3870,12,248,24.69
"718",2022-02-21,2008,6843825,454,520992,1415,94,737,73,3879,9,250,24.85
"719",2022-02-22,2794,6846619,752,521744,1399,92,729,69,3883,4,341,27.06
"720",2022-02-23,3458,6850077,737,522481,1380,92,714,71,3894,11,487,22.12
"721",2022-02-24,3189,6853266,657,523138,1323,88,660,70,3900,6,445,21.42
"722",2022-02-25,3119,6856385,599,523737,1312,77,663,63,3912,12,399,19.14
"723",2022-02-26,2461,6858846,466,524203,1249,75,637,59,3920,8,347,19.91
"724",2022-02-27,1847,6860693,376,524579,1256,81,643,63,3929,9,255,21.33
"725",2022-02-28,2076,6862769,517,525096,1277,81,646,62,3936,7,335,25.53
"726",2022-03-01,2946,6865715,547,525643,1262,82,648,60,3941,5,390,19.42
"727",2022-03-02,2863,6868578,634,526277,1234,78,634,59,3953,12,458,21.94
"728",2022-03-03,2532,6871110,493,526770,1200,75,619,58,3961,8,357,20.34
"729",2022-03-04,2458,6873568,424,527194,1182,74,609,56,3971,10,279,17.86
"730",2022-03-05,2179,6875747,397,527591,1119,73,569,58,3974,3,327,19
"731",2022-03-06,1573,6877320,284,527875,1130,75,567,59,3982,8,214,19.33
"732",2022-03-07,2210,6879530,472,528347,1136,75,571,57,3984,2,299,20.77
"733",2022-03-08,3085,6882615,539,528886,1121,77,559,58,3988,4,416,18.09
"734",2022-03-09,3097,6885712,580,529466,1100,76,542,58,3996,8,416,21.02
"735",2022-03-10,2540,6888252,470,529936,1088,75,542,59,4001,5,328,19.49
"736",2022-03-11,2298,6890550,504,530440,1065,77,536,64,4005,4,370,22.41
"737",2022-03-12,2502,6893052,395,530835,1017,75,508,63,4010,5,287,16.87
"738",2022-03-13,1986,6895038,438,531273,1013,72,503,60,4014,4,336,23.11
"739",2022-03-14,1862,6896900,475,531748,1024,69,511,58,4018,4,295,26.32
"740",2022-03-15,3186,6900086,578,532326,1011,68,510,55,4021,3,432,18.58
"741",2022-03-16,2751,6902837,568,532894,995,64,502,49,4023,2,418,21.56
"742",2022-03-17,2950,6905787,605,533499,995,59,505,45,4026,3,419,20.68
"743",2022-03-18,2576,6908363,564,534063,974,56,482,40,4034,8,436,22.59
"744",2022-03-19,2433,6910796,479,534542,945,55,477,41,4040,6,409,20.84
"745",2022-03-20,1491,6912287,343,534885,968,56,495,45,4045,5,298,24.48
"746",2022-03-21,1860,6914147,485,535370,987,54,506,44,4053,8,413,27.69
"747",2022-03-22,3217,6917364,769,536139,976,57,491,48,4055,2,616,24.9
"748",2022-03-23,3171,6920535,740,536879,960,58,488,50,4059,4,604,24.94
"749",2022-03-24,3492,6924027,819,537698,966,50,498,44,4061,2,637,23.2
"750",2022-03-25,2785,6926812,691,538389,959,50,490,43,4066,5,550,26.21
"751",2022-03-26,2505,6929317,529,538918,931,43,473,36,4070,4,459,21.88
"752",2022-03-27,1777,6931094,459,539377,953,45,499,37,4074,4,399,27.52
"753",2022-03-28,2210,6933304,570,539947,1006,44,531,37,4081,7,446,26.11
"754",2022-03-29,3472,6936776,873,540820,996,44,525,37,4085,4,758,26.18
"755",2022-03-30,3460,6940236,867,541687,993,43,526,36,4088,3,738,25.9
"756",2022-03-31,3529,6943765,909,542596,974,37,516,31,4092,4,820,26.78
"757",2022-04-01,3619,6947384,859,543455,956,38,502,32,4098,6,668,24.34
"758",2022-04-02,2825,6950209,664,544119,943,39,500,32,4102,4,559,24.53
"759",2022-04-03,1955,6952164,520,544639,981,39,526,33,4105,3,459,27.57
"760",2022-04-04,2591,6954755,823,545462,1032,42,565,35,4111,6,674,32.57
"761",2022-04-05,3896,6958651,1031,546493,1053,45,579,37,4119,8,871,27.77
"762",2022-04-06,3642,6962293,1010,547503,1061,50,578,40,4122,3,870,28.61
"763",2022-04-07,3887,6966180,919,548422,1063,50,592,37,4130,8,783,24.83
"764",2022-04-08,3660,6969840,932,549354,1066,48,591,32,4138,8,821,26.42
"765",2022-04-09,3405,6973245,822,550176,1050,49,582,32,4141,3,736,24.79
"766",2022-04-10,2243,6975488,591,550767,1081,47,605,34,4145,4,515,27.37
"767",2022-04-11,2845,6978333,839,551606,1104,48,627,38,4150,5,646,30.58
"768",2022-04-12,4434,6982767,1012,552618,1116,50,643,40,4157,7,900,23.91
"769",2022-04-13,4441,6987208,1024,553642,1105,49,619,36,4165,8,878,23.82
"770",2022-04-14,4083,6991291,1023,554665,1104,45,628,32,4172,7,904,25.89
"771",2022-04-15,4217,6995508,846,555511,1094,46,621,33,4179,7,757,21.08
"772",2022-04-16,2717,6998225,739,556250,1098,47,625,36,4189,10,648,28.27
"773",2022-04-17,2260,7000485,637,556887,1143,42,648,32,4196,7,558,29.96
"774",2022-04-18,2715,7003200,812,557699,1189,47,672,34,4202,6,691,31.01
"775",2022-04-19,4466,7007666,1124,558823,1203,49,681,37,4208,6,928,26.15
"776",2022-04-20,4938,7012604,1228,560051,1207,50,682,38,4215,7,1031,26.08
"777",2022-04-21,4487,7017091,1038,561089,1223,47,687,36,4226,11,889,24.05
"778",2022-04-22,3610,7020701,968,562057,1242,46,704,38,4237,11,803,27.45
"779",2022-04-23,3590,7024291,838,562895,1218,48,686,41,4252,15,749,24.76
"780",2022-04-24,2912,7027203,677,563572,1252,48,700,37,4258,6,584,24.11
"781",2022-04-25,2330,7029533,700,564272,1301,54,716,41,4269,11,531,31.33
"782",2022-04-26,4839,7034372,1078,565350,1305,54,715,44,4277,8,920,23.52
"783",2022-04-27,4000,7038372,942,566292,1299,54,699,39,4287,10,790,24.5
"784",2022-04-28,4488,7042860,918,567210,1274,51,682,38,4297,10,759,21.23
"785",2022-04-29,3704,7046564,756,567966,1262,49,682,39,4310,13,628,21.63
"786",2022-04-30,3488,7050052,726,568692,1226,44,655,37,4315,5,615,22.02
"787",2022-05-01,2260,7052312,609,569301,1276,45,685,38,4328,13,525,28.1
"788",2022-05-02,2966,7055278,671,569972,1335,49,711,38,4333,5,531,23.63
"789",2022-05-03,3628,7058906,756,570728,1346,55,720,42,4342,9,632,21.91
"790",2022-05-04,3843,7062749,772,571500,1307,50,704,40,4353,11,669,20.63
"791",2022-05-05,3961,7066710,777,572277,1300,47,702,38,4361,8,632,20.47
"792",2022-05-06,3691,7070401,690,572967,1270,43,673,36,4371,10,569,19.56
"793",2022-05-07,2851,7073252,590,573557,1217,38,640,30,4377,6,505,21.29
"794",2022-05-08,841,7074093,134,573691,1244,38,652,29,4386,9,103,17
"795",2022-05-09,3225,7077318,821,574512,1275,40,666,28,4392,6,655,26.79
"796",2022-05-10,3156,7080474,653,575165,1262,41,649,29,4403,11,535,21.67
"797",2022-05-11,3135,7083609,585,575750,1236,37,621,29,4411,8,467,19.52
"798",2022-05-12,3203,7086812,602,576352,1220,36,617,26,4423,12,471,19.29
"799",2022-05-13,2348,7089160,470,576822,1196,39,611,30,4429,6,388,20.87
"800",2022-05-14,2635,7091795,450,577272,1169,38,597,28,4436,7,374,17.69
"801",2022-05-15,1846,7093641,354,577626,1182,41,602,29,4444,8,292,19.99
"802",2022-05-16,2125,7095766,480,578106,1209,42,613,28,4451,7,374,23.15
"803",2022-05-17,3277,7099043,546,578652,1214,39,611,26,4462,11,436,18.31
"804",2022-05-18,2357,7101400,469,579121,1184,37,588,25,4469,7,373,20.62
"805",2022-05-19,2847,7104247,492,579613,1171,37,584,25,4475,6,382,19.11
"806",2022-05-20,2280,7106527,355,579968,1094,34,543,25,4480,5,270,15.88
"807",2022-05-21,2219,7108746,291,580259,1063,31,525,24,4489,9,234,13.84
"808",2022-05-22,1495,7110241,231,580490,1064,30,529,23,4499,10,182,15.99
"809",2022-05-23,1648,7111889,320,580810,1078,31,540,24,4503,4,263,20.75
"810",2022-05-24,1868,7113757,389,581199,1096,31,545,24,4510,7,298,21.25
"811",2022-05-25,2958,7116715,453,581652,1072,26,536,21,4515,5,345,16.02
"812",2022-05-26,2205,7118920,363,582015,1030,32,512,24,4520,5,294,17.05
"813",2022-05-27,2172,7121092,341,582356,1000,35,491,28,4525,5,267,17.08
"814",2022-05-28,1813,7122905,259,582615,957,33,468,27,4526,1,208,14.89
"815",2022-05-29,799,7123704,88,582703,948,34,474,26,4531,5,72,12.89
"816",2022-05-30,2124,7125828,438,583141,950,34,483,26,4539,8,319,21.99
"817",2022-05-31,2359,7128187,357,583498,942,32,475,25,4544,5,270,15.68
"818",2022-06-01,2068,7130255,271,583769,904,33,452,25,4547,3,234,13.78
"819",2022-06-02,1989,7132244,298,584067,870,32,436,23,4547,0,241,15.28
"820",2022-06-03,1855,7134099,266,584333,863,32,433,23,4553,6,204,15.2
"821",2022-06-04,1463,7135562,195,584528,827,30,418,21,4563,10,153,13.47
"822",2022-06-05,1149,7136711,187,584715,828,28,417,21,4566,3,143,17.23
"823",2022-06-06,1394,7138105,232,584947,843,25,419,19,4568,2,154,17.43
"824",2022-06-07,2071,7140176,290,585237,820,22,412,18,4570,2,225,14.29
"825",2022-06-08,2099,7142275,263,585500,791,22,396,20,4574,4,190,12.77
"826",2022-06-09,1772,7144047,246,585746,770,19,378,16,4577,3,197,14.16
"827",2022-06-10,1327,7145374,183,585929,766,22,377,17,4579,2,144,14.32
"828",2022-06-11,1211,7146585,142,586071,741,25,367,20,4580,1,112,12.88
"829",2022-06-12,1285,7147870,146,586217,734,22,365,17,4584,4,115,11.83
"830",2022-06-13,1242,7149112,163,586380,738,19,368,13,4586,2,126,13.77
"831",2022-06-14,1527,7150639,206,586586,718,21,362,12,4587,1,144,14.01
"832",2022-06-15,1775,7152414,184,586770,705,21,356,12,4588,1,139,10.76
"833",2022-06-16,1218,7153632,146,586916,690,17,346,8,4588,0,119,12.32
"834",2022-06-17,1521,7155153,176,587092,677,14,345,8,4588,0,124,12.49
"835",2022-06-18,1231,7156384,162,587254,662,18,342,11,4593,5,130,14.3
"836",2022-06-19,734,7157118,66,587320,665,17,346,10,4597,4,51,8.86
"837",2022-06-20,949,7158067,138,587458,681,18,350,11,4599,2,112,15.91
"838",2022-06-21,1409,7159476,179,587637,673,20,351,13,4602,3,138,13.48
"839",2022-06-22,1394,7160870,153,587790,659,15,344,9,4605,3,116,11.33
"840",2022-06-23,1419,7162289,127,587917,650,17,338,12,4608,3,108,10.22
"841",2022-06-24,1067,7163356,132,588049,631,15,324,10,4612,4,92,13.12
"842",2022-06-25,1110,7164466,121,588170,608,15,309,8,4614,2,101,11.44
"843",2022-06-26,824,7165290,92,588262,604,15,310,8,4615,1,77,11.65
"844",2022-06-27,1036,7166326,128,588390,601,13,303,7,4616,1,95,13.42
"845",2022-06-28,1372,7167698,166,588556,583,14,288,8,4617,1,141,12.54
"846",2022-06-29,1459,7169157,174,588730,575,14,289,7,4619,2,135,13.5
"847",2022-06-30,1103,7170260,197,588927,561,16,277,7,4621,2,149,18.77
"848",2022-07-01,1016,7171276,156,589083,554,15,280,8,4625,4,129,16.04
"849",2022-07-02,830,7172106,125,589208,563,17,293,8,4625,0,102,16.27
"850",2022-07-03,922,7173028,114,589322,570,19,302,10,4628,3,96,13.23
"851",2022-07-04,1122,7174150,180,589502,591,23,313,13,4629,1,154,17.65
"852",2022-07-05,1298,7175448,247,589749,594,19,315,10,4633,4,200,20.18
"853",2022-07-06,1130,7176578,188,589937,574,21,295,9,4634,1,152,17.26
"854",2022-07-07,1204,7177782,230,590167,572,21,294,10,4637,3,187,20.51
"855",2022-07-08,1089,7178871,190,590357,562,18,292,10,4639,2,157,18.64
"856",2022-07-09,1087,7179958,191,590548,543,19,285,11,4643,4,163,17.85
"857",2022-07-10,782,7180740,131,590679,554,16,293,9,4644,1,110,18.16
"858",2022-07-11,980,7181720,176,590855,572,17,304,10,4648,4,143,19.08
"859",2022-07-12,1154,7182874,250,591105,561,22,291,13,4649,1,211,22.44
"860",2022-07-13,1364,7184238,264,591369,549,25,283,14,4650,1,208,19.72
"861",2022-07-14,1082,7185320,235,591604,551,25,280,15,4653,3,165,22.37
"862",2022-07-15,1134,7186454,245,591849,553,20,280,12,4655,2,198,22.66
"863",2022-07-16,1001,7187455,205,592054,560,22,281,14,4656,1,180,21.98
"864",2022-07-17,892,7188347,179,592233,577,26,295,18,4657,1,150,20.74
"865",2022-07-18,1060,7189407,303,592536,601,27,313,21,4658,1,196,29.53
"866",2022-07-19,1405,7190812,320,592856,594,27,316,22,4660,2,250,23.99
"867",2022-07-20,1218,7192030,264,593120,590,25,316,21,4663,3,204,23.15
"868",2022-07-21,1140,7193170,275,593395,591,21,311,17,4665,2,185,25.35
"869",2022-07-22,1072,7194242,217,593612,605,23,316,18,4667,2,166,22.39
"870",2022-07-23,1031,7195273,232,593844,623,24,327,20,4670,3,188,24.44
"871",2022-07-24,784,7196057,162,594006,654,26,338,22,4671,1,114,21.94
"872",2022-07-25,949,7197006,217,594223,685,27,355,21,4677,6,169,24.24
"873",2022-07-26,1317,7198323,297,594520,704,25,358,20,4681,4,229,23.84
"874",2022-07-27,1292,7199615,237,594757,712,25,357,20,4683,2,185,19.35
"875",2022-07-28,1179,7200794,252,595009,738,22,369,16,4687,4,199,23.24
"876",2022-07-29,1336,7202130,308,595317,737,22,363,16,4689,2,190,24.48
"877",2022-07-30,929,7203059,198,595515,724,21,349,16,4691,2,145,22.39
"878",2022-07-31,766,7203825,150,595665,738,26,358,21,4702,11,109,22.06
"879",2022-08-01,950,7204775,212,595877,749,28,360,22,4705,3,174,24.11
"880",2022-08-02,1159,7205934,246,596123,770,26,376,20,4708,3,171,23.3
"881",2022-08-03,1483,7207417,332,596455,756,24,365,17,4711,3,275,24.14
"882",2022-08-04,1149,7208566,266,596721,771,23,364,13,4713,2,203,24.89
"883",2022-08-05,1146,7209712,257,596978,771,32,356,17,4715,2,192,24
"884",2022-08-06,1069,7210781,245,597223,761,29,346,17,4722,7,171,23.67
"885",2022-08-07,924,7211705,212,597435,777,27,349,15,4723,1,146,24.03
"886",2022-08-08,916,7212621,215,597650,806,29,363,16,4729,6,148,26.2
"887",2022-08-09,1258,7213879,277,597927,788,30,359,19,4734,5,201,24.32
"888",2022-08-10,1234,7215113,247,598174,794,31,361,21,4735,1,192,22.45
"889",2022-08-11,1168,7216281,271,598445,804,32,358,19,4739,4,202,25.09
"890",2022-08-12,1248,7217529,278,598723,808,30,360,19,4740,1,197,25.32
"891",2022-08-13,1156,7218685,233,598956,802,31,357,19,4741,1,175,21.37
"892",2022-08-14,848,7219533,126,599082,828,30,376,18,4746,5,95,17.57
"893",2022-08-15,943,7220476,202,599284,865,31,401,19,4748,2,142,24.07
"894",2022-08-16,1267,7221743,313,599597,871,32,414,19,4752,4,221,26.36
"895",2022-08-17,1180,7222923,231,599828,894,34,430,21,4757,5,175,21.44
"896",2022-08-18,1297,7224220,272,600100,863,27,406,15,4763,6,200,22.36
"897",2022-08-19,971,7225191,192,600292,851,30,402,18,4769,6,134,21.11
"898",2022-08-20,841,7226032,193,600485,851,25,395,14,4776,7,157,25.92
"899",2022-08-21,896,7226928,205,600690,858,25,392,15,4780,4,137,25.33
"900",2022-08-22,813,7227741,157,600847,896,29,409,18,4783,3,117,20.17
"901",2022-08-23,1349,7229090,260,601107,903,30,414,19,4786,3,204,21.05
"902",2022-08-24,1172,7230262,241,601348,892,31,401,19,4789,3,156,22.27
"903",2022-08-25,1312,7231574,187,601535,888,26,402,17,4793,4,120,15.32
"904",2022-08-26,1186,7232760,166,601701,884,34,396,22,4797,4,122,16.86
"905",2022-08-27,962,7233722,184,601885,857,29,382,21,4803,6,124,20.89
"906",2022-08-28,868,7234590,164,602049,866,26,388,20,4810,7,114,20.97
"907",2022-08-29,774,7235364,141,602190,879,20,394,16,4820,10,108,19.9
"908",2022-08-30,1071,7236435,170,602360,870,21,382,17,4825,5,123,17.83
"909",2022-08-31,1251,7237686,199,602559,839,20,355,14,4833,8,140,17.59
"910",2022-09-01,1028,7238714,174,602733,836,19,347,10,4835,2,121,18.68
"911",2022-09-02,1029,7239743,149,602882,825,22,345,12,4836,1,88,16.52
"912",2022-09-03,902,7240645,140,603022,796,21,334,13,4840,4,99,17.41
"913",2022-09-04,785,7241430,118,603140,801,22,338,14,4842,2,91,17.32
"914",2022-09-05,725,7242155,114,603254,832,20,362,13,4844,2,81,16.97
"915",2022-09-06,913,7243068,116,603370,845,17,362,10,4845,1,77,13.69
"916",2022-09-07,1185,7244253,214,603584,841,17,362,9,4854,9,156,19.07
"917",2022-09-08,928,7245181,175,603759,844,17,361,9,4855,1,139,20.58
"918",2022-09-09,1154,7246335,178,603937,831,18,361,10,4858,3,115,15.94
"919",2022-09-10,874,7247209,129,604066,818,20,355,12,4861,3,102,15.33
"920",2022-09-11,785,7247994,127,604193,821,27,356,16,4867,6,90,17.83
"921",2022-09-12,789,7248783,141,604334,865,26,374,15,4871,4,115,19.26
"922",2022-09-13,1240,7250023,228,604562,866,23,366,13,4875,4,165,20.48
"923",2022-09-14,1211,7251234,190,604752,875,21,374,13,4879,4,123,17.51
"924",2022-09-15,1076,7252310,201,604953,871,21,374,12,4880,1,150,20.54
"925",2022-09-16,945,7253255,169,605122,887,26,376,16,4883,3,123,19.47
"926",2022-09-17,922,7254177,190,605312,882,28,368,17,4888,5,140,21.8
"927",2022-09-18,826,7255003,134,605446,901,27,375,17,4893,5,84,18.16
"928",2022-09-19,942,7255945,197,605643,936,29,388,19,4897,4,147,23.14
"929",2022-09-20,1234,7257179,175,605818,948,28,388,19,4902,5,132,15.96
"930",2022-09-21,1229,7258408,257,606075,953,30,381,21,4905,3,198,23.68
"931",2022-09-22,1351,7259759,247,606322,972,32,394,23,4909,4,191,20.73
"932",2022-09-23,1101,7260860,193,606515,979,37,399,25,4912,3,127,19.26
"933",2022-09-24,1038,7261898,208,606723,984,38,405,26,4917,5,159,21.58
"934",2022-09-25,995,7262893,154,606877,1013,38,410,23,4926,9,108,17.69
"935",2022-09-26,1040,7263933,175,607052,1030,40,415,25,4931,5,132,18.17
"936",2022-09-27,1309,7265242,271,607323,1017,41,414,25,4934,3,209,23.15
"937",2022-09-28,1257,7266499,206,607529,1019,41,413,24,4938,4,136,17.9
"938",2022-09-29,1243,7267742,249,607778,1026,38,414,21,4944,6,174,22.69
"939",2022-09-30,982,7268724,168,607946,1035,33,430,20,4947,3,130,18.43
"940",2022-10-01,970,7269694,167,608113,1026,27,426,16,4949,2,113,18.25
"941",2022-10-02,958,7270652,169,608282,1037,33,433,18,4953,4,138,17.95
"942",2022-10-03,1070,7271722,189,608471,1054,33,443,16,4957,4,141,17.57
"943",2022-10-04,1152,7272874,268,608739,1054,32,445,15,4965,8,215,26.74
"944",2022-10-05,1028,7273902,180,608919,1041,31,431,14,4968,3,153,22.28
"945",2022-10-06,1436,7275338,212,609131,1030,30,425,15,4974,6,172,17.06
"946",2022-10-07,1251,7276589,182,609313,1014,31,425,16,4978,4,143,15.67
"947",2022-10-08,958,7277547,168,609481,1017,29,440,16,4983,5,144,19.62
"948",2022-10-09,798,7278345,145,609626,1027,28,447,14,4989,6,116,20.18
"949",2022-10-10,855,7279200,135,609761,1053,30,459,16,4992,3,98,17.43
"950",2022-10-11,1102,7280302,172,609933,1093,32,487,20,4997,5,129,16.42
"951",2022-10-12,1217,7281519,225,610158,1103,30,485,19,5001,4,172,20.05
"952",2022-10-13,1205,7282724,258,610416,1101,30,489,20,5007,6,198,23.65
"953",2022-10-14,1399,7284123,220,610636,1100,33,491,20,5013,6,174,17.66
"954",2022-10-15,1013,7285136,163,610799,1069,37,482,23,5016,3,128,17.97
"955",2022-10-16,944,7286080,183,610982,1098,35,495,22,5022,6,141,20.76
"956",2022-10-17,1012,7287092,159,611141,1114,32,504,19,5025,3,122,16.9
"957",2022-10-18,1394,7288486,234,611375,1122,30,504,17,5034,9,190,18.22
"958",2022-10-19,1228,7289714,237,611612,1133,31,509,20,5038,4,197,21.91
"959",2022-10-20,1302,7291016,234,611846,1117,33,505,22,5044,6,193,20.66
"960",2022-10-21,1301,7292317,202,612048,1123,32,507,20,5047,3,178,18.06
"961",2022-10-22,833,7293150,158,612206,1111,30,497,18,5056,9,117,20.53
"962",2022-10-23,1196,7294346,191,612397,1128,30,509,18,5065,9,156,17.64
"963",2022-10-24,1214,7295560,191,612588,1163,30,521,18,5069,4,148,16.64
"964",2022-10-25,1363,7296923,226,612814,1162,28,526,17,5075,6,175,18.05
"965",2022-10-26,1106,7298029,148,612962,1141,28,507,18,5080,5,108,14.74
"966",2022-10-27,1397,7299426,247,613209,1127,28,500,18,5088,8,190,19.33
"967",2022-10-28,1068,7300494,145,613354,1111,28,492,18,5094,6,123,16.1
"968",2022-10-29,1167,7301661,194,613548,1093,27,479,14,5099,5,155,17.91
"969",2022-10-30,938,7302599,155,613703,1111,25,492,13,5102,3,114,17.8
"970",2022-10-31,1120,7303719,156,613859,1130,25,503,13,5107,5,122,15.54
"971",2022-11-01,1464,7305183,264,614123,1140,25,512,14,5110,3,200,19.33
"972",2022-11-02,1142,7306325,193,614316,1130,29,505,16,5118,8,150,18.3
"973",2022-11-03,1858,7308183,236,614552,1146,27,512,17,5124,6,164,14.26
"974",2022-11-04,1209,7309392,202,614754,1128,28,505,18,5129,5,160,18.86
"975",2022-11-05,1392,7310784,190,614944,1107,31,502,18,5135,6,145,15.45
"976",2022-11-06,992,7311776,138,615082,1113,37,498,19,5140,5,102,14.62
"977",2022-11-07,1345,7313121,175,615257,1144,41,506,19,5146,6,121,15.32
"978",2022-11-08,1415,7314536,230,615487,1152,34,517,13,5154,8,176,18.09
"979",2022-11-09,1491,7316027,181,615668,1124,33,507,15,5162,8,139,14.22
"980",2022-11-10,1672,7317699,241,615909,1119,30,506,15,5167,5,189,16.03
"981",2022-11-11,1156,7318855,150,616059,1126,35,501,16,5171,4,117,14.62
"982",2022-11-12,1289,7320144,198,616257,1138,37,516,17,5175,4,146,16.91
"983",2022-11-13,1230,7321374,160,616417,1172,41,535,18,5180,5,130,14.8
"984",2022-11-14,1370,7322744,177,616594,1197,43,546,19,5184,4,142,13.58
"985",2022-11-15,1782,7324526,260,616854,1170,45,525,22,5195,11,202,16.05
"986",2022-11-16,1829,7326355,244,617098,1170,47,517,21,5202,7,172,15.36
"987",2022-11-17,1469,7327824,174,617272,1156,49,510,23,5214,12,134,13.27
"988",2022-11-18,1258,7329082,154,617426,1135,47,487,22,5230,16,122,13.91
"989",2022-11-19,1544,7330626,207,617633,1109,43,476,21,5233,3,160,14.64
"990",2022-11-20,1148,7331774,129,617762,1130,39,481,20,5236,3,92,13.07
"991",2022-11-21,1335,7333109,187,617949,1179,40,508,23,5241,5,122,15.28
"992",2022-11-22,1573,7334682,181,618130,1188,44,511,24,5248,7,142,12.52
"993",2022-11-23,1947,7336629,274,618404,1182,49,504,27,5254,6,220,15.92
"994",2022-11-24,1478,7338107,203,618607,1171,48,498,26,5260,6,161,15.97
"995",2022-11-25,1385,7339492,205,618812,1132,48,491,26,5269,9,144,15.96
"996",2022-11-26,1467,7340959,185,618997,1097,45,482,22,5276,7,149,13.63
"997",2022-11-27,1125,7342084,131,619128,1110,45,491,24,5281,5,91,12.71
"998",2022-11-28,1043,7343127,123,619251,1135,47,506,27,5289,8,94,12.66
"999",2022-11-29,1569,7344696,213,619464,1115,45,491,25,5297,8,168,14.53
"1000",2022-11-30,1023,7345719,152,619616,1105,41,473,21,5307,10,121,16.91
"1001",2022-12-01,1590,7347309,227,619843,1103,40,474,21,5308,1,162,15.91
"1002",2022-12-02,1111,7348420,139,619982,1092,40,472,20,5314,6,101,14.04
"1003",2022-12-03,1159,7349579,168,620150,1052,41,447,21,5318,4,128,16.57
"1004",2022-12-04,965,7350544,120,620270,1077,40,457,23,5318,0,91,13.16
"1005",2022-12-05,1075,7351619,117,620387,1097,41,464,22,5321,3,82,12
"1006",2022-12-06,1294,7352913,171,620558,1087,41,465,24,5325,4,131,14.76
"1007",2022-12-07,1254,7354167,166,620724,1077,43,464,27,5331,6,126,14.59
"1008",2022-12-08,1145,7355312,205,620929,1070,40,461,25,5335,4,160,19.21
"1009",2022-12-09,1331,7356643,166,621095,1055,46,460,27,5338,3,130,14.2
"1010",2022-12-10,733,7357376,101,621196,1022,46,441,28,5345,7,80,16.23
"1011",2022-12-11,317,7357693,26,621222,1024,40,444,26,5350,5,18,9.15
"1012",2022-12-12,1809,7359502,202,621424,1038,43,457,27,5358,8,148,12
"1013",2022-12-13,1212,7360714,185,621609,1017,41,436,23,5360,2,140,16.01
"1014",2022-12-14,1085,7361799,144,621753,993,39,417,21,5363,3,115,15.39
"1015",2022-12-15,1232,7363031,156,621909,975,37,415,19,5367,4,118,14.12
"1016",2022-12-16,935,7363966,111,622020,969,41,412,20,5372,5,77,12.62
"1017",2022-12-17,1059,7365025,139,622159,926,38,386,22,5376,4,113,14.45
"1018",2022-12-18,634,7365659,79,622238,934,30,393,20,5381,5,58,14.2
"1019",2022-12-19,1072,7366731,107,622345,959,35,408,23,5385,4,71,10.82
"1020",2022-12-20,1133,7367864,166,622511,951,39,406,26,5389,4,127,15.98
"1021",2022-12-21,871,7368735,112,622623,915,35,386,25,5393,4,85,14.35
"1022",2022-12-22,1085,7369820,152,622775,889,30,379,19,5397,4,113,14.56
"1023",2022-12-23,740,7370560,97,622872,875,35,376,23,5402,5,76,14.59
"1024",2022-12-24,717,7371277,110,622982,849,33,366,22,5405,3,87,16.88
"1025",2022-12-25,702,7371979,81,623063,850,38,375,23,5407,2,64,12.82
"1026",2022-12-26,585,7372564,88,623151,883,41,397,25,5414,7,70,17.44
"1027",2022-12-27,737,7373301,128,623279,894,43,405,27,5417,3,95,18.86
"1028",2022-12-28,813,7374114,125,623404,910,43,424,27,5424,7,99,16.73
"1029",2022-12-29,1308,7375422,201,623605,922,39,438,22,5425,1,158,17.58
"1030",2022-12-30,832,7376254,124,623729,927,41,448,24,5426,1,85,16.11
"1031",2022-12-31,896,7377150,123,623852,923,41,446,24,5430,4,91,14.62
"1032",2023-01-01,669,7377819,104,623956,942,42,453,22,5433,3,74,17.19
"1033",2023-01-02,710,7378529,119,624075,961,45,464,23,5434,1,85,18.73
"1034",2023-01-03,1189,7379718,156,624231,963,48,466,24,5437,3,119,14.05
"1035",2023-01-04,975,7380693,146,624377,966,43,469,26,5439,2,111,16.62
"1036",2023-01-05,1069,7381762,182,624559,951,35,457,23,5445,6,135,17.77
"1037",2023-01-06,1041,7382803,134,624693,924,34,439,24,5449,4,99,14.89
"1038",2023-01-07,898,7383701,127,624820,901,33,422,21,5453,4,101,15.59
"1039",2023-01-08,738,7384439,121,624941,905,32,424,21,5455,2,89,18.16
"1040",2023-01-09,960,7385399,114,625055,930,33,430,23,5457,2,86,13.23
"1041",2023-01-10,1127,7386526,185,625240,933,34,423,23,5460,3,136,17.39
"1042",2023-01-11,933,7387459,134,625374,926,33,408,22,5465,5,98,16.18
"1043",2023-01-12,1004,7388463,153,625527,913,37,398,23,5471,6,107,15.64
"1044",2023-01-13,1025,7389488,116,625643,894,37,390,22,5478,7,79,12.68
"1045",2023-01-14,896,7390384,106,625749,860,35,368,18,5484,6,73,12.83
"1046",2023-01-15,614,7390998,76,625825,869,32,375,17,5487,3,43,12.7
"1047",2023-01-16,901,7391899,70,625895,897,31,389,16,5489,2,51,8.21
"1048",2023-01-17,985,7392884,122,626017,882,35,386,18,5493,4,84,13.3
"1049",2023-01-18,820,7393704,106,626123,861,34,378,18,5498,5,80,14.27
"1050",2023-01-19,1002,7394706,109,626232,849,31,371,15,5502,4,84,11.68
"1051",2023-01-20,821,7395527,112,626344,834,26,367,15,5508,6,80,14.86
"1052",2023-01-21,616,7396143,72,626416,804,28,356,16,5515,7,44,12.5
"1053",2023-01-22,564,7396707,69,626485,799,29,349,15,5518,3,44,13.83
"1054",2023-01-23,629,7397336,50,626535,815,30,357,16,5520,2,35,8.74
"1055",2023-01-24,866,7398202,132,626667,812,31,355,17,5522,2,91,17.09
"1056",2023-01-25,830,7399032,80,626747,799,31,356,15,5525,3,52,10.36
"1057",2023-01-26,882,7399914,116,626863,777,31,348,17,5533,8,76,13.83
"1058",2023-01-27,638,7400552,71,626934,756,26,343,17,5539,6,51,12.7
"1059",2023-01-28,635,7401187,84,627018,731,27,330,14,5543,4,54,14.96
"1060",2023-01-29,500,7401687,55,627073,724,28,330,16,5546,3,32,11.6
"1061",2023-01-30,759,7402446,56,627129,725,25,330,13,5549,3,35,8.04
"1062",2023-01-31,970,7403416,96,627225,718,27,321,14,5555,6,66,10.82
"1063",2023-02-01,907,7404323,98,627323,706,25,309,13,5559,4,61,12.13
"1064",2023-02-02,765,7405088,83,627406,704,22,308,9,5561,2,47,11.11
"1065",2023-02-03,894,7405982,88,627494,687,23,298,11,5562,1,28,10.74
"1066",2023-02-04,678,7406660,69,627563,674,22,286,10,5565,3,29,11.65
"1067",2023-02-05,613,7407273,58,627621,673,19,287,10,5566,1,20,9.79
"1068",2023-02-06,745,7408018,60,627681,705,21,301,10,5569,3,21,8.86
"1069",2023-02-07,914,7408932,74,627755,700,19,293,8,5571,2,28,9.3
"1070",2023-02-08,880,7409812,93,627848,691,19,282,8,5574,3,45,12.27
"1071",2023-02-09,803,7410615,75,627923,677,20,275,9,5575,1,37,10.59
"1072",2023-02-10,674,7411289,43,627966,657,16,266,7,5575,0,23,6.53
"1073",2023-02-11,677,7411966,44,628010,630,19,251,8,5576,1,19,6.79
"1074",2023-02-12,587,7412553,44,628054,627,17,251,8,5579,3,21,7.5
"1075",2023-02-13,670,7413223,60,628114,644,19,262,8,5581,2,26,9.55
"1076",2023-02-14,791,7414014,66,628180,637,20,255,9,5585,4,33,9.1
"1077",2023-02-15,819,7414833,76,628256,628,19,253,7,5588,3,27,10.26
"1078",2023-02-16,714,7415547,45,628301,619,17,251,7,5588,0,13,7
"1079",2023-02-17,804,7416351,89,628390,611,17,249,8,5588,0,23,11.69
"1080",2023-02-18,761,7417112,47,628437,589,17,237,8,5592,4,16,6.7
"1081",2023-02-19,634,7417746,43,628480,584,16,235,7,5596,4,16,7.41
"1082",2023-02-20,607,7418353,54,628534,597,16,243,7,5599,3,16,10.05
"1083",2023-02-21,691,7419044,53,628587,596,15,241,7,5600,1,24,8.1
"1084",2023-02-22,777,7419821,64,628651,584,15,236,6,5602,2,30,8.88
"1085",2023-02-23,708,7420529,56,628707,583,13,245,5,5602,0,14,8.76
"1086",2023-02-24,690,7421219,53,628760,577,16,244,7,5604,2,17,8.26
"1087",2023-02-25,656,7421875,48,628808,560,15,232,7,5607,3,14,8.23
"1088",2023-02-26,557,7422432,52,628860,567,14,235,8,5609,2,17,10.05
"1089",2023-02-27,705,7423137,58,628918,578,16,244,8,5614,5,19,9.36
"1090",2023-02-28,741,7423878,51,628969,554,14,232,7,5614,0,12,7.42
"1091",2023-03-01,691,7424569,51,629020,550,12,230,7,5616,2,17,7.96
"1092",2023-03-02,687,7425256,43,629063,539,12,219,7,5617,1,9,6.55
"1093",2023-03-03,617,7425873,50,629113,536,13,223,7,5617,0,10,8.75
"1094",2023-03-04,668,7426541,55,629168,535,14,225,8,5618,1,15,8.98
"1095",2023-03-05,556,7427097,40,629208,534,14,224,8,5621,3,6,8.27
"1096",2023-03-06,623,7427720,55,629263,543,13,229,7,5623,2,16,9.31
"1097",2023-03-07,678,7428398,51,629314,533,11,223,5,5623,0,5,8.26
"1098",2023-03-08,531,7428929,45,629359,522,13,223,7,5624,1,11,9.23
"1099",2023-03-09,707,7429636,68,629427,509,12,217,6,5626,2,13,10.18
"1100",2023-03-10,688,7430324,51,629478,497,11,209,5,5629,3,10,7.85
"1101",2023-03-11,635,7430959,71,629549,477,11,194,5,5631,2,14,11.97
"1102",2023-03-12,631,7431590,40,629589,492,13,201,6,5634,3,13,7.92
"1103",2023-03-13,630,7432220,60,629649,501,11,207,5,5634,0,17,10.48
"1104",2023-03-14,714,7432934,51,629700,491,13,198,8,5635,1,18,8.26
"1105",2023-03-15,801,7433735,92,629792,486,13,201,8,5636,1,30,12.23
"1106",2023-03-16,573,7434308,50,629842,481,16,201,9,5636,0,5,9.08
"1107",2023-03-17,794,7435102,54,629896,472,18,198,9,5638,2,6,7.05
"1108",2023-03-18,781,7435883,51,629947,462,16,194,7,5638,0,11,7.04
"1109",2023-03-19,597,7436480,51,629998,471,17,200,8,5639,1,5,9.38
"1110",2023-03-20,610,7437090,49,630047,490,20,211,12,5639,0,2,9.02
"1111",2023-03-21,808,7437898,70,630117,484,21,NA,NA,5640,1,0,9.16
"1112",2023-03-22,819,7438717,62,630179,476,22,NA,NA,5641,1,0,8.67
"1113",2023-03-23,785,7439502,67,630246,462,19,NA,NA,5642,1,0,8.92
"1114",2023-03-24,700,7440202,56,630302,461,18,NA,NA,5643,1,0,8.43
"1115",2023-03-25,671,7440873,48,630350,454,22,NA,NA,5643,0,0,7.45
"1116",2023-03-26,569,7441442,54,630404,466,24,NA,NA,5643,0,0,9.67
"1117",2023-03-27,533,7441975,40,630444,465,25,NA,NA,5643,0,0,7.69
